INSERT INTO posts (post_id, user_id, body, created_at) VALUES ('68e4c90c-215d-a4a4-ccce-c34c00000000', '671b0000-0000-0000-0000-010100000000', 'Just migrated from SQL to MongoDB and the flexibility is insane! 🚀', '2025-10-06 12:00:00.000');
INSERT INTO post_likes (post_id, user_id) VALUES ('68e4c90c-215d-a4a4-ccce-c34c00000000', '671b0000-0000-0000-0000-010500000000');
INSERT INTO post_likes (post_id, user_id) VALUES ('68e4c90c-215d-a4a4-ccce-c34c00000000', '671b0000-0000-0000-0000-010400000000');
INSERT INTO post_comments (post_id, user_id, body, created_at) VALUES ('68e4c90c-215d-a4a4-ccce-c34c00000000', '671b0000-0000-0000-0000-010500000000', 'Interesting perspective.', '2025-10-07 08:07:32.412');
INSERT INTO post_comments (post_id, user_id, body, created_at) VALUES ('68e4c90c-215d-a4a4-ccce-c34c00000000', '671b0000-0000-0000-0000-010300000000', 'Can you explain more?', '2025-10-07 08:07:32.412');
INSERT INTO post_tags (post_id, tag) VALUES ('68e4c90c-215d-a4a4-ccce-c34c00000000', 'life');
INSERT INTO post_tags (post_id, tag) VALUES ('68e4c90c-215d-a4a4-ccce-c34c00000000', 'update');
INSERT INTO post_tags (post_id, tag) VALUES ('68e4c90c-215d-a4a4-ccce-c34c00000000', 'daily');
INSERT INTO posts (post_id, user_id, body, created_at) VALUES ('68e4c90c-215d-a4a4-ccce-c34d00000000', '671b0000-0000-0000-0000-010200000000', 'Spent the day shooting content at 3 underrated cafes. New vlog soon!', '2025-10-06 12:10:00.000');
INSERT INTO post_comments (post_id, user_id, body, created_at) VALUES ('68e4c90c-215d-a4a4-ccce-c34d00000000', '671b0000-0000-0000-0000-010500000000', 'Interesting perspective.', '2025-10-07 08:07:32.422');
INSERT INTO post_comments (post_id, user_id, body, created_at) VALUES ('68e4c90c-215d-a4a4-ccce-c34d00000000', '671b0000-0000-0000-0000-010600000000', 'Nice post!', '2025-10-07 08:07:32.422');
INSERT INTO post_tags (post_id, tag) VALUES ('68e4c90c-215d-a4a4-ccce-c34d00000000', 'life');
INSERT INTO post_tags (post_id, tag) VALUES ('68e4c90c-215d-a4a4-ccce-c34d00000000', 'update');
INSERT INTO post_tags (post_id, tag) VALUES ('68e4c90c-215d-a4a4-ccce-c34d00000000', 'daily');
INSERT INTO posts (post_id, user_id, body, created_at) VALUES ('68e4c90c-215d-a4a4-ccce-c34e00000000', '671b0000-0000-0000-0000-010300000000', 'Working on a new research paper about dataset bias in AI training.', '2025-10-06 12:20:00.000');
INSERT INTO post_likes (post_id, user_id) VALUES ('68e4c90c-215d-a4a4-ccce-c34e00000000', '671b0000-0000-0000-0000-010300000000');
INSERT INTO post_likes (post_id, user_id) VALUES ('68e4c90c-215d-a4a4-ccce-c34e00000000', '671b0000-0000-0000-0000-010800000000');
INSERT INTO post_likes (post_id, user_id) VALUES ('68e4c90c-215d-a4a4-ccce-c34e00000000', '671b0000-0000-0000-0000-010500000000');
INSERT INTO post_likes (post_id, user_id) VALUES ('68e4c90c-215d-a4a4-ccce-c34e00000000', '671b0000-0000-0000-0000-010200000000');
INSERT INTO post_tags (post_id, tag) VALUES ('68e4c90c-215d-a4a4-ccce-c34e00000000', 'life');
INSERT INTO post_tags (post_id, tag) VALUES ('68e4c90c-215d-a4a4-ccce-c34e00000000', 'update');
INSERT INTO post_tags (post_id, tag) VALUES ('68e4c90c-215d-a4a4-ccce-c34e00000000', 'daily');
INSERT INTO posts (post_id, user_id, body, created_at) VALUES ('68e4c90c-215d-a4a4-ccce-c34f00000000', '671b0000-0000-0000-0000-010400000000', 'Captured the sunrise from Triund Top. Nature heals!', '2025-10-06 12:30:00.000');
INSERT INTO post_likes (post_id, user_id) VALUES ('68e4c90c-215d-a4a4-ccce-c34f00000000', '671b0000-0000-0000-0000-010700000000');
INSERT INTO post_likes (post_id, user_id) VALUES ('68e4c90c-215d-a4a4-ccce-c34f00000000', '671b0000-0000-0000-0000-010200000000');
INSERT INTO post_comments (post_id, user_id, body, created_at) VALUES ('68e4c90c-215d-a4a4-ccce-c34f00000000', '671b0000-0000-0000-0000-010400000000', 'Nice post!', '2025-10-07 08:07:32.426');
INSERT INTO post_comments (post_id, user_id, body, created_at) VALUES ('68e4c90c-215d-a4a4-ccce-c34f00000000', '671b0000-0000-0000-0000-010600000000', 'Absolutely agree!', '2025-10-07 08:07:32.426');
INSERT INTO post_tags (post_id, tag) VALUES ('68e4c90c-215d-a4a4-ccce-c34f00000000', 'life');
INSERT INTO post_tags (post_id, tag) VALUES ('68e4c90c-215d-a4a4-ccce-c34f00000000', 'update');
INSERT INTO post_tags (post_id, tag) VALUES ('68e4c90c-215d-a4a4-ccce-c34f00000000', 'daily');
INSERT INTO posts (post_id, user_id, body, created_at) VALUES ('68e4c90c-215d-a4a4-ccce-c35000000000', '671b0000-0000-0000-0000-010500000000', 'Simple ingredients, pure magic. Full recipe in comments!', '2025-10-06 12:40:00.000');
INSERT INTO post_likes (post_id, user_id) VALUES ('68e4c90c-215d-a4a4-ccce-c35000000000', '671b0000-0000-0000-0000-010400000000');
INSERT INTO post_likes (post_id, user_id) VALUES ('68e4c90c-215d-a4a4-ccce-c35000000000', '671b0000-0000-0000-0000-010500000000');
INSERT INTO post_comments (post_id, user_id, body, created_at) VALUES ('68e4c90c-215d-a4a4-ccce-c35000000000', '671b0000-0000-0000-0000-010700000000', 'Nice post!', '2025-10-07 08:07:32.427');
INSERT INTO post_tags (post_id, tag) VALUES ('68e4c90c-215d-a4a4-ccce-c35000000000', 'life');
INSERT INTO post_tags (post_id, tag) VALUES ('68e4c90c-215d-a4a4-ccce-c35000000000', 'update');
INSERT INTO post_tags (post_id, tag) VALUES ('68e4c90c-215d-a4a4-ccce-c35000000000', 'daily');
INSERT INTO posts (post_id, user_id, body, created_at) VALUES ('68e4c90c-215d-a4a4-ccce-c35100000000', '671b0000-0000-0000-0000-010600000000', 'Shared a new guide on setting up CI/CD pipelines using AWS Lambda.', '2025-10-06 12:50:00.000');
INSERT INTO post_likes (post_id, user_id) VALUES ('68e4c90c-215d-a4a4-ccce-c35100000000', '671b0000-0000-0000-0000-010200000000');
INSERT INTO post_likes (post_id, user_id) VALUES ('68e4c90c-215d-a4a4-ccce-c35100000000', '671b0000-0000-0000-0000-010700000000');
INSERT INTO post_likes (post_id, user_id) VALUES ('68e4c90c-215d-a4a4-ccce-c35100000000', '671b0000-0000-0000-0000-010400000000');
INSERT INTO post_comments (post_id, user_id, body, created_at) VALUES ('68e4c90c-215d-a4a4-ccce-c35100000000', '671b0000-0000-0000-0000-010500000000', 'Interesting perspective.', '2025-10-07 08:07:32.429');
INSERT INTO post_comments (post_id, user_id, body, created_at) VALUES ('68e4c90c-215d-a4a4-ccce-c35100000000', '671b0000-0000-0000-0000-010100000000', 'Nice post!', '2025-10-07 08:07:32.429');
INSERT INTO post_tags (post_id, tag) VALUES ('68e4c90c-215d-a4a4-ccce-c35100000000', 'life');
INSERT INTO post_tags (post_id, tag) VALUES ('68e4c90c-215d-a4a4-ccce-c35100000000', 'update');
INSERT INTO post_tags (post_id, tag) VALUES ('68e4c90c-215d-a4a4-ccce-c35100000000', 'daily');
INSERT INTO posts (post_id, user_id, body, created_at) VALUES ('68e4c90c-215d-a4a4-ccce-c35200000000', '671b0000-0000-0000-0000-010700000000', 'A little reflection on managing time between university and YouTube.', '2025-10-06 13:00:00.000');
INSERT INTO post_likes (post_id, user_id) VALUES ('68e4c90c-215d-a4a4-ccce-c35200000000', '671b0000-0000-0000-0000-010700000000');
INSERT INTO post_comments (post_id, user_id, body, created_at) VALUES ('68e4c90c-215d-a4a4-ccce-c35200000000', '671b0000-0000-0000-0000-010800000000', 'Can you explain more?', '2025-10-07 08:07:32.431');
INSERT INTO post_comments (post_id, user_id, body, created_at) VALUES ('68e4c90c-215d-a4a4-ccce-c35200000000', '671b0000-0000-0000-0000-010400000000', 'Nice post!', '2025-10-07 08:07:32.431');
INSERT INTO post_comments (post_id, user_id, body, created_at) VALUES ('68e4c90c-215d-a4a4-ccce-c35200000000', '671b0000-0000-0000-0000-010800000000', 'Nice post!', '2025-10-07 08:07:32.431');
INSERT INTO post_tags (post_id, tag) VALUES ('68e4c90c-215d-a4a4-ccce-c35200000000', 'life');
INSERT INTO post_tags (post_id, tag) VALUES ('68e4c90c-215d-a4a4-ccce-c35200000000', 'update');
INSERT INTO post_tags (post_id, tag) VALUES ('68e4c90c-215d-a4a4-ccce-c35200000000', 'daily');
INSERT INTO posts (post_id, user_id, body, created_at) VALUES ('68e4c90c-215d-a4a4-ccce-c35300000000', '671b0000-0000-0000-0000-010800000000', 'That match was pure madness! Here are some of my favorite moments.', '2025-10-06 13:10:00.000');
INSERT INTO post_likes (post_id, user_id) VALUES ('68e4c90c-215d-a4a4-ccce-c35300000000', '671b0000-0000-0000-0000-010400000000');
INSERT INTO post_likes (post_id, user_id) VALUES ('68e4c90c-215d-a4a4-ccce-c35300000000', '671b0000-0000-0000-0000-010600000000');
INSERT INTO post_likes (post_id, user_id) VALUES ('68e4c90c-215d-a4a4-ccce-c35300000000', '671b0000-0000-0000-0000-010700000000');
INSERT INTO post_likes (post_id, user_id) VALUES ('68e4c90c-215d-a4a4-ccce-c35300000000', '671b0000-0000-0000-0000-010200000000');
INSERT INTO post_comments (post_id, user_id, body, created_at) VALUES ('68e4c90c-215d-a4a4-ccce-c35300000000', '671b0000-0000-0000-0000-010100000000', 'This is helpful.', '2025-10-07 08:07:32.434');
INSERT INTO post_comments (post_id, user_id, body, created_at) VALUES ('68e4c90c-215d-a4a4-ccce-c35300000000', '671b0000-0000-0000-0000-010600000000', 'Thanks for sharing.', '2025-10-07 08:07:32.434');
INSERT INTO post_comments (post_id, user_id, body, created_at) VALUES ('68e4c90c-215d-a4a4-ccce-c35300000000', '671b0000-0000-0000-0000-010800000000', 'Thanks for sharing.', '2025-10-07 08:07:32.434');
INSERT INTO post_tags (post_id, tag) VALUES ('68e4c90c-215d-a4a4-ccce-c35300000000', 'life');
INSERT INTO post_tags (post_id, tag) VALUES ('68e4c90c-215d-a4a4-ccce-c35300000000', 'update');
INSERT INTO post_tags (post_id, tag) VALUES ('68e4c90c-215d-a4a4-ccce-c35300000000', 'daily');
INSERT INTO posts (post_id, user_id, body, created_at) VALUES ('68e4c90c-215d-a4a4-ccce-c35400000000', '671b0000-0000-0000-0000-010500000000', 'Post #9: Captured the sunrise from Triund Top. Nature heals!', '2025-10-07 08:02:20.887');
INSERT INTO post_likes (post_id, user_id) VALUES ('68e4c90c-215d-a4a4-ccce-c35400000000', '671b0000-0000-0000-0000-010500000000');
INSERT INTO post_likes (post_id, user_id) VALUES ('68e4c90c-215d-a4a4-ccce-c35400000000', '671b0000-0000-0000-0000-010100000000');
INSERT INTO post_comments (post_id, user_id, body, created_at) VALUES ('68e4c90c-215d-a4a4-ccce-c35400000000', '671b0000-0000-0000-0000-010200000000', 'Loved this!', '2025-10-07 08:07:32.436');
INSERT INTO post_comments (post_id, user_id, body, created_at) VALUES ('68e4c90c-215d-a4a4-ccce-c35400000000', '671b0000-0000-0000-0000-010300000000', 'Nice post!', '2025-10-07 08:07:32.436');
INSERT INTO post_comments (post_id, user_id, body, created_at) VALUES ('68e4c90c-215d-a4a4-ccce-c35400000000', '671b0000-0000-0000-0000-010300000000', 'Loved this!', '2025-10-07 08:07:32.436');
INSERT INTO post_tags (post_id, tag) VALUES ('68e4c90c-215d-a4a4-ccce-c35400000000', 'life');
INSERT INTO post_tags (post_id, tag) VALUES ('68e4c90c-215d-a4a4-ccce-c35400000000', 'update');
INSERT INTO post_tags (post_id, tag) VALUES ('68e4c90c-215d-a4a4-ccce-c35400000000', 'daily');
INSERT INTO posts (post_id, user_id, body, created_at) VALUES ('68e4c90c-215d-a4a4-ccce-c35500000000', '671b0000-0000-0000-0000-010700000000', 'Post #10: Reflecting on daily life.', '2025-10-07 08:02:20.889');
INSERT INTO post_likes (post_id, user_id) VALUES ('68e4c90c-215d-a4a4-ccce-c35500000000', '671b0000-0000-0000-0000-010400000000');
INSERT INTO post_likes (post_id, user_id) VALUES ('68e4c90c-215d-a4a4-ccce-c35500000000', '671b0000-0000-0000-0000-010800000000');
INSERT INTO post_likes (post_id, user_id) VALUES ('68e4c90c-215d-a4a4-ccce-c35500000000', '671b0000-0000-0000-0000-010300000000');
INSERT INTO post_tags (post_id, tag) VALUES ('68e4c90c-215d-a4a4-ccce-c35500000000', 'life');
INSERT INTO post_tags (post_id, tag) VALUES ('68e4c90c-215d-a4a4-ccce-c35500000000', 'update');
INSERT INTO post_tags (post_id, tag) VALUES ('68e4c90c-215d-a4a4-ccce-c35500000000', 'daily');
INSERT INTO posts (post_id, user_id, body, created_at) VALUES ('68e4c90c-215d-a4a4-ccce-c35600000000', '671b0000-0000-0000-0000-010600000000', 'Post #11: Shared a new guide on setting up CI/CD pipelines using AWS Lambda.', '2025-10-07 08:02:20.890');
INSERT INTO post_likes (post_id, user_id) VALUES ('68e4c90c-215d-a4a4-ccce-c35600000000', '671b0000-0000-0000-0000-010500000000');
INSERT INTO post_likes (post_id, user_id) VALUES ('68e4c90c-215d-a4a4-ccce-c35600000000', '671b0000-0000-0000-0000-010400000000');
INSERT INTO post_tags (post_id, tag) VALUES ('68e4c90c-215d-a4a4-ccce-c35600000000', 'life');
INSERT INTO post_tags (post_id, tag) VALUES ('68e4c90c-215d-a4a4-ccce-c35600000000', 'update');
INSERT INTO post_tags (post_id, tag) VALUES ('68e4c90c-215d-a4a4-ccce-c35600000000', 'daily');
INSERT INTO posts (post_id, user_id, body, created_at) VALUES ('68e4c90c-215d-a4a4-ccce-c35700000000', '671b0000-0000-0000-0000-010700000000', 'Post #12: Tips and tricks for developers.', '2025-10-07 08:02:20.893');
INSERT INTO post_comments (post_id, user_id, body, created_at) VALUES ('68e4c90c-215d-a4a4-ccce-c35700000000', '671b0000-0000-0000-0000-010300000000', 'Nice post!', '2025-10-07 08:07:32.442');
INSERT INTO post_tags (post_id, tag) VALUES ('68e4c90c-215d-a4a4-ccce-c35700000000', 'life');
INSERT INTO post_tags (post_id, tag) VALUES ('68e4c90c-215d-a4a4-ccce-c35700000000', 'update');
INSERT INTO post_tags (post_id, tag) VALUES ('68e4c90c-215d-a4a4-ccce-c35700000000', 'daily');
INSERT INTO posts (post_id, user_id, body, created_at) VALUES ('68e4c90c-215d-a4a4-ccce-c35800000000', '671b0000-0000-0000-0000-010800000000', 'Post #13: Reflecting on daily life.', '2025-10-07 08:02:20.895');
INSERT INTO post_likes (post_id, user_id) VALUES ('68e4c90c-215d-a4a4-ccce-c35800000000', '671b0000-0000-0000-0000-010400000000');
INSERT INTO post_likes (post_id, user_id) VALUES ('68e4c90c-215d-a4a4-ccce-c35800000000', '671b0000-0000-0000-0000-010300000000');
INSERT INTO post_comments (post_id, user_id, body, created_at) VALUES ('68e4c90c-215d-a4a4-ccce-c35800000000', '671b0000-0000-0000-0000-010400000000', 'Thanks for sharing.', '2025-10-07 08:07:32.444');
INSERT INTO post_comments (post_id, user_id, body, created_at) VALUES ('68e4c90c-215d-a4a4-ccce-c35800000000', '671b0000-0000-0000-0000-010300000000', 'This is helpful.', '2025-10-07 08:07:32.444');
INSERT INTO post_comments (post_id, user_id, body, created_at) VALUES ('68e4c90c-215d-a4a4-ccce-c35800000000', '671b0000-0000-0000-0000-010300000000', 'Absolutely agree!', '2025-10-07 08:07:32.444');
INSERT INTO post_tags (post_id, tag) VALUES ('68e4c90c-215d-a4a4-ccce-c35800000000', 'life');
INSERT INTO post_tags (post_id, tag) VALUES ('68e4c90c-215d-a4a4-ccce-c35800000000', 'update');
INSERT INTO post_tags (post_id, tag) VALUES ('68e4c90c-215d-a4a4-ccce-c35800000000', 'daily');
INSERT INTO posts (post_id, user_id, body, created_at) VALUES ('68e4c90c-215d-a4a4-ccce-c35900000000', '671b0000-0000-0000-0000-010600000000', 'Post #14: Simple ingredients, pure magic. Full recipe in comments!', '2025-10-07 08:02:20.898');
INSERT INTO post_likes (post_id, user_id) VALUES ('68e4c90c-215d-a4a4-ccce-c35900000000', '671b0000-0000-0000-0000-010600000000');
INSERT INTO post_likes (post_id, user_id) VALUES ('68e4c90c-215d-a4a4-ccce-c35900000000', '671b0000-0000-0000-0000-010500000000');
INSERT INTO post_likes (post_id, user_id) VALUES ('68e4c90c-215d-a4a4-ccce-c35900000000', '671b0000-0000-0000-0000-010400000000');
INSERT INTO post_likes (post_id, user_id) VALUES ('68e4c90c-215d-a4a4-ccce-c35900000000', '671b0000-0000-0000-0000-010200000000');
INSERT INTO post_comments (post_id, user_id, body, created_at) VALUES ('68e4c90c-215d-a4a4-ccce-c35900000000', '671b0000-0000-0000-0000-010200000000', 'Thanks for sharing.', '2025-10-07 08:07:32.446');
INSERT INTO post_comments (post_id, user_id, body, created_at) VALUES ('68e4c90c-215d-a4a4-ccce-c35900000000', '671b0000-0000-0000-0000-010100000000', 'Nice post!', '2025-10-07 08:07:32.446');
INSERT INTO post_tags (post_id, tag) VALUES ('68e4c90c-215d-a4a4-ccce-c35900000000', 'life');
INSERT INTO post_tags (post_id, tag) VALUES ('68e4c90c-215d-a4a4-ccce-c35900000000', 'update');
INSERT INTO post_tags (post_id, tag) VALUES ('68e4c90c-215d-a4a4-ccce-c35900000000', 'daily');
INSERT INTO posts (post_id, user_id, body, created_at) VALUES ('68e4c90c-215d-a4a4-ccce-c35a00000000', '671b0000-0000-0000-0000-010600000000', 'Post #15: Simple ingredients, pure magic. Full recipe in comments!', '2025-10-07 08:02:20.900');
INSERT INTO post_likes (post_id, user_id) VALUES ('68e4c90c-215d-a4a4-ccce-c35a00000000', '671b0000-0000-0000-0000-010500000000');
INSERT INTO post_likes (post_id, user_id) VALUES ('68e4c90c-215d-a4a4-ccce-c35a00000000', '671b0000-0000-0000-0000-010700000000');
INSERT INTO post_likes (post_id, user_id) VALUES ('68e4c90c-215d-a4a4-ccce-c35a00000000', '671b0000-0000-0000-0000-010200000000');
INSERT INTO post_tags (post_id, tag) VALUES ('68e4c90c-215d-a4a4-ccce-c35a00000000', 'life');
INSERT INTO post_tags (post_id, tag) VALUES ('68e4c90c-215d-a4a4-ccce-c35a00000000', 'update');
INSERT INTO post_tags (post_id, tag) VALUES ('68e4c90c-215d-a4a4-ccce-c35a00000000', 'daily');
INSERT INTO posts (post_id, user_id, body, created_at) VALUES ('68e4c90c-215d-a4a4-ccce-c35b00000000', '671b0000-0000-0000-0000-010800000000', 'Post #16: Check out my latest project.', '2025-10-07 08:02:20.902');
INSERT INTO post_likes (post_id, user_id) VALUES ('68e4c90c-215d-a4a4-ccce-c35b00000000', '671b0000-0000-0000-0000-010600000000');
INSERT INTO post_likes (post_id, user_id) VALUES ('68e4c90c-215d-a4a4-ccce-c35b00000000', '671b0000-0000-0000-0000-010200000000');
INSERT INTO post_comments (post_id, user_id, body, created_at) VALUES ('68e4c90c-215d-a4a4-ccce-c35b00000000', '671b0000-0000-0000-0000-010200000000', 'Absolutely agree!', '2025-10-07 08:07:32.452');
INSERT INTO post_comments (post_id, user_id, body, created_at) VALUES ('68e4c90c-215d-a4a4-ccce-c35b00000000', '671b0000-0000-0000-0000-010800000000', 'Can you explain more?', '2025-10-07 08:07:32.452');
INSERT INTO post_tags (post_id, tag) VALUES ('68e4c90c-215d-a4a4-ccce-c35b00000000', 'life');
INSERT INTO post_tags (post_id, tag) VALUES ('68e4c90c-215d-a4a4-ccce-c35b00000000', 'update');
INSERT INTO post_tags (post_id, tag) VALUES ('68e4c90c-215d-a4a4-ccce-c35b00000000', 'daily');
INSERT INTO posts (post_id, user_id, body, created_at) VALUES ('68e4c90c-215d-a4a4-ccce-c35c00000000', '671b0000-0000-0000-0000-010400000000', 'Post #17: Tips and tricks for developers.', '2025-10-07 08:02:20.903');
INSERT INTO post_likes (post_id, user_id) VALUES ('68e4c90c-215d-a4a4-ccce-c35c00000000', '671b0000-0000-0000-0000-010500000000');
INSERT INTO post_likes (post_id, user_id) VALUES ('68e4c90c-215d-a4a4-ccce-c35c00000000', '671b0000-0000-0000-0000-010400000000');
INSERT INTO post_comments (post_id, user_id, body, created_at) VALUES ('68e4c90c-215d-a4a4-ccce-c35c00000000', '671b0000-0000-0000-0000-010800000000', 'Great content!', '2025-10-07 08:07:32.454');
INSERT INTO post_comments (post_id, user_id, body, created_at) VALUES ('68e4c90c-215d-a4a4-ccce-c35c00000000', '671b0000-0000-0000-0000-010700000000', 'Great content!', '2025-10-07 08:07:32.454');
INSERT INTO post_tags (post_id, tag) VALUES ('68e4c90c-215d-a4a4-ccce-c35c00000000', 'life');
INSERT INTO post_tags (post_id, tag) VALUES ('68e4c90c-215d-a4a4-ccce-c35c00000000', 'update');
INSERT INTO post_tags (post_id, tag) VALUES ('68e4c90c-215d-a4a4-ccce-c35c00000000', 'daily');
INSERT INTO posts (post_id, user_id, body, created_at) VALUES ('68e4c90c-215d-a4a4-ccce-c35d00000000', '671b0000-0000-0000-0000-010200000000', 'Post #18: Check out my latest project.', '2025-10-07 08:02:20.904');
INSERT INTO post_comments (post_id, user_id, body, created_at) VALUES ('68e4c90c-215d-a4a4-ccce-c35d00000000', '671b0000-0000-0000-0000-010800000000', 'This is helpful.', '2025-10-07 08:07:32.456');
INSERT INTO post_comments (post_id, user_id, body, created_at) VALUES ('68e4c90c-215d-a4a4-ccce-c35d00000000', '671b0000-0000-0000-0000-010800000000', 'Absolutely agree!', '2025-10-07 08:07:32.456');
INSERT INTO post_comments (post_id, user_id, body, created_at) VALUES ('68e4c90c-215d-a4a4-ccce-c35d00000000', '671b0000-0000-0000-0000-010800000000', 'Can you explain more?', '2025-10-07 08:07:32.456');
INSERT INTO post_tags (post_id, tag) VALUES ('68e4c90c-215d-a4a4-ccce-c35d00000000', 'life');
INSERT INTO post_tags (post_id, tag) VALUES ('68e4c90c-215d-a4a4-ccce-c35d00000000', 'update');
INSERT INTO post_tags (post_id, tag) VALUES ('68e4c90c-215d-a4a4-ccce-c35d00000000', 'daily');
INSERT INTO posts (post_id, user_id, body, created_at) VALUES ('68e4c90c-215d-a4a4-ccce-c35e00000000', '671b0000-0000-0000-0000-010500000000', 'Post #19: Sharing my thoughts about tech.', '2025-10-07 08:02:20.906');
INSERT INTO post_comments (post_id, user_id, body, created_at) VALUES ('68e4c90c-215d-a4a4-ccce-c35e00000000', '671b0000-0000-0000-0000-010300000000', 'Great content!', '2025-10-07 08:07:32.459');
INSERT INTO post_comments (post_id, user_id, body, created_at) VALUES ('68e4c90c-215d-a4a4-ccce-c35e00000000', '671b0000-0000-0000-0000-010200000000', 'Can you explain more?', '2025-10-07 08:07:32.459');
INSERT INTO post_comments (post_id, user_id, body, created_at) VALUES ('68e4c90c-215d-a4a4-ccce-c35e00000000', '671b0000-0000-0000-0000-010300000000', 'Great content!', '2025-10-07 08:07:32.459');
INSERT INTO post_tags (post_id, tag) VALUES ('68e4c90c-215d-a4a4-ccce-c35e00000000', 'life');
INSERT INTO post_tags (post_id, tag) VALUES ('68e4c90c-215d-a4a4-ccce-c35e00000000', 'update');
INSERT INTO post_tags (post_id, tag) VALUES ('68e4c90c-215d-a4a4-ccce-c35e00000000', 'daily');
INSERT INTO posts (post_id, user_id, body, created_at) VALUES ('68e4c90c-215d-a4a4-ccce-c35f00000000', '671b0000-0000-0000-0000-010700000000', 'Post #20: Working on a new research paper about dataset bias in AI training.', '2025-10-07 08:02:20.907');
INSERT INTO post_likes (post_id, user_id) VALUES ('68e4c90c-215d-a4a4-ccce-c35f00000000', '671b0000-0000-0000-0000-010300000000');
INSERT INTO post_comments (post_id, user_id, body, created_at) VALUES ('68e4c90c-215d-a4a4-ccce-c35f00000000', '671b0000-0000-0000-0000-010500000000', 'This is helpful.', '2025-10-07 08:07:32.461');
INSERT INTO post_comments (post_id, user_id, body, created_at) VALUES ('68e4c90c-215d-a4a4-ccce-c35f00000000', '671b0000-0000-0000-0000-010100000000', 'Loved this!', '2025-10-07 08:07:32.461');
INSERT INTO post_comments (post_id, user_id, body, created_at) VALUES ('68e4c90c-215d-a4a4-ccce-c35f00000000', '671b0000-0000-0000-0000-010100000000', 'Interesting perspective.', '2025-10-07 08:07:32.461');
INSERT INTO post_tags (post_id, tag) VALUES ('68e4c90c-215d-a4a4-ccce-c35f00000000', 'life');
INSERT INTO post_tags (post_id, tag) VALUES ('68e4c90c-215d-a4a4-ccce-c35f00000000', 'update');
INSERT INTO post_tags (post_id, tag) VALUES ('68e4c90c-215d-a4a4-ccce-c35f00000000', 'daily');
INSERT INTO posts (post_id, user_id, body, created_at) VALUES ('68e4c90c-215d-a4a4-ccce-c36000000000', '671b0000-0000-0000-0000-010200000000', 'Post #21: A quick update from me.', '2025-10-07 08:02:20.910');
INSERT INTO post_likes (post_id, user_id) VALUES ('68e4c90c-215d-a4a4-ccce-c36000000000', '671b0000-0000-0000-0000-010400000000');
INSERT INTO post_likes (post_id, user_id) VALUES ('68e4c90c-215d-a4a4-ccce-c36000000000', '671b0000-0000-0000-0000-010800000000');
INSERT INTO post_likes (post_id, user_id) VALUES ('68e4c90c-215d-a4a4-ccce-c36000000000', '671b0000-0000-0000-0000-010100000000');
INSERT INTO post_likes (post_id, user_id) VALUES ('68e4c90c-215d-a4a4-ccce-c36000000000', '671b0000-0000-0000-0000-010600000000');
INSERT INTO post_comments (post_id, user_id, body, created_at) VALUES ('68e4c90c-215d-a4a4-ccce-c36000000000', '671b0000-0000-0000-0000-010400000000', 'Absolutely agree!', '2025-10-07 08:07:32.464');
INSERT INTO post_tags (post_id, tag) VALUES ('68e4c90c-215d-a4a4-ccce-c36000000000', 'life');
INSERT INTO post_tags (post_id, tag) VALUES ('68e4c90c-215d-a4a4-ccce-c36000000000', 'update');
INSERT INTO post_tags (post_id, tag) VALUES ('68e4c90c-215d-a4a4-ccce-c36000000000', 'daily');
INSERT INTO posts (post_id, user_id, body, created_at) VALUES ('68e4c90c-215d-a4a4-ccce-c36100000000', '671b0000-0000-0000-0000-010100000000', 'Post #22: Working on a new research paper about dataset bias in AI training.', '2025-10-07 08:02:20.912');
INSERT INTO post_likes (post_id, user_id) VALUES ('68e4c90c-215d-a4a4-ccce-c36100000000', '671b0000-0000-0000-0000-010300000000');
INSERT INTO post_likes (post_id, user_id) VALUES ('68e4c90c-215d-a4a4-ccce-c36100000000', '671b0000-0000-0000-0000-010600000000');
INSERT INTO post_likes (post_id, user_id) VALUES ('68e4c90c-215d-a4a4-ccce-c36100000000', '671b0000-0000-0000-0000-010700000000');
INSERT INTO post_likes (post_id, user_id) VALUES ('68e4c90c-215d-a4a4-ccce-c36100000000', '671b0000-0000-0000-0000-010100000000');
INSERT INTO post_likes (post_id, user_id) VALUES ('68e4c90c-215d-a4a4-ccce-c36100000000', '671b0000-0000-0000-0000-010400000000');
INSERT INTO post_tags (post_id, tag) VALUES ('68e4c90c-215d-a4a4-ccce-c36100000000', 'life');
INSERT INTO post_tags (post_id, tag) VALUES ('68e4c90c-215d-a4a4-ccce-c36100000000', 'update');
INSERT INTO post_tags (post_id, tag) VALUES ('68e4c90c-215d-a4a4-ccce-c36100000000', 'daily');
INSERT INTO posts (post_id, user_id, body, created_at) VALUES ('68e4c90c-215d-a4a4-ccce-c36200000000', '671b0000-0000-0000-0000-010400000000', 'Post #23: Shared a new guide on setting up CI/CD pipelines using AWS Lambda.', '2025-10-07 08:02:20.913');
INSERT INTO post_likes (post_id, user_id) VALUES ('68e4c90c-215d-a4a4-ccce-c36200000000', '671b0000-0000-0000-0000-010600000000');
INSERT INTO post_likes (post_id, user_id) VALUES ('68e4c90c-215d-a4a4-ccce-c36200000000', '671b0000-0000-0000-0000-010800000000');
INSERT INTO post_likes (post_id, user_id) VALUES ('68e4c90c-215d-a4a4-ccce-c36200000000', '671b0000-0000-0000-0000-010100000000');
INSERT INTO post_likes (post_id, user_id) VALUES ('68e4c90c-215d-a4a4-ccce-c36200000000', '671b0000-0000-0000-0000-010500000000');
INSERT INTO post_tags (post_id, tag) VALUES ('68e4c90c-215d-a4a4-ccce-c36200000000', 'life');
INSERT INTO post_tags (post_id, tag) VALUES ('68e4c90c-215d-a4a4-ccce-c36200000000', 'update');
INSERT INTO post_tags (post_id, tag) VALUES ('68e4c90c-215d-a4a4-ccce-c36200000000', 'daily');
INSERT INTO posts (post_id, user_id, body, created_at) VALUES ('68e4c90c-215d-a4a4-ccce-c36300000000', '671b0000-0000-0000-0000-010400000000', 'Post #24: Just migrated from SQL to MongoDB and the flexibility is insane! 🚀', '2025-10-07 08:02:20.914');
INSERT INTO post_likes (post_id, user_id) VALUES ('68e4c90c-215d-a4a4-ccce-c36300000000', '671b0000-0000-0000-0000-010100000000');
INSERT INTO post_likes (post_id, user_id) VALUES ('68e4c90c-215d-a4a4-ccce-c36300000000', '671b0000-0000-0000-0000-010800000000');
INSERT INTO post_likes (post_id, user_id) VALUES ('68e4c90c-215d-a4a4-ccce-c36300000000', '671b0000-0000-0000-0000-010500000000');
INSERT INTO post_comments (post_id, user_id, body, created_at) VALUES ('68e4c90c-215d-a4a4-ccce-c36300000000', '671b0000-0000-0000-0000-010200000000', 'Thanks for sharing.', '2025-10-07 08:07:32.473');
INSERT INTO post_comments (post_id, user_id, body, created_at) VALUES ('68e4c90c-215d-a4a4-ccce-c36300000000', '671b0000-0000-0000-0000-010500000000', 'Loved this!', '2025-10-07 08:07:32.473');
INSERT INTO post_comments (post_id, user_id, body, created_at) VALUES ('68e4c90c-215d-a4a4-ccce-c36300000000', '671b0000-0000-0000-0000-010300000000', 'Nice post!', '2025-10-07 08:07:32.473');
INSERT INTO post_tags (post_id, tag) VALUES ('68e4c90c-215d-a4a4-ccce-c36300000000', 'life');
INSERT INTO post_tags (post_id, tag) VALUES ('68e4c90c-215d-a4a4-ccce-c36300000000', 'update');
INSERT INTO post_tags (post_id, tag) VALUES ('68e4c90c-215d-a4a4-ccce-c36300000000', 'daily');
INSERT INTO posts (post_id, user_id, body, created_at) VALUES ('68e4c90c-215d-a4a4-ccce-c36400000000', '671b0000-0000-0000-0000-010100000000', 'Post #25: Shared a new guide on setting up CI/CD pipelines using AWS Lambda.', '2025-10-07 08:02:20.916');
INSERT INTO post_likes (post_id, user_id) VALUES ('68e4c90c-215d-a4a4-ccce-c36400000000', '671b0000-0000-0000-0000-010400000000');
INSERT INTO post_likes (post_id, user_id) VALUES ('68e4c90c-215d-a4a4-ccce-c36400000000', '671b0000-0000-0000-0000-010800000000');
INSERT INTO post_comments (post_id, user_id, body, created_at) VALUES ('68e4c90c-215d-a4a4-ccce-c36400000000', '671b0000-0000-0000-0000-010100000000', 'Interesting perspective.', '2025-10-07 08:07:32.475');
INSERT INTO post_comments (post_id, user_id, body, created_at) VALUES ('68e4c90c-215d-a4a4-ccce-c36400000000', '671b0000-0000-0000-0000-010100000000', 'Absolutely agree!', '2025-10-07 08:07:32.475');
INSERT INTO post_comments (post_id, user_id, body, created_at) VALUES ('68e4c90c-215d-a4a4-ccce-c36400000000', '671b0000-0000-0000-0000-010100000000', 'Absolutely agree!', '2025-10-07 08:07:32.475');
INSERT INTO post_tags (post_id, tag) VALUES ('68e4c90c-215d-a4a4-ccce-c36400000000', 'life');
INSERT INTO post_tags (post_id, tag) VALUES ('68e4c90c-215d-a4a4-ccce-c36400000000', 'update');
INSERT INTO post_tags (post_id, tag) VALUES ('68e4c90c-215d-a4a4-ccce-c36400000000', 'daily');
INSERT INTO posts (post_id, user_id, body, created_at) VALUES ('68e4c90c-215d-a4a4-ccce-c36500000000', '671b0000-0000-0000-0000-010200000000', 'Post #26: Reflecting on daily life.', '2025-10-07 08:02:20.917');
INSERT INTO post_tags (post_id, tag) VALUES ('68e4c90c-215d-a4a4-ccce-c36500000000', 'life');
INSERT INTO post_tags (post_id, tag) VALUES ('68e4c90c-215d-a4a4-ccce-c36500000000', 'update');
INSERT INTO post_tags (post_id, tag) VALUES ('68e4c90c-215d-a4a4-ccce-c36500000000', 'daily');
INSERT INTO posts (post_id, user_id, body, created_at) VALUES ('68e4c90c-215d-a4a4-ccce-c36600000000', '671b0000-0000-0000-0000-010300000000', 'Post #27: Sharing my thoughts about tech.', '2025-10-07 08:02:20.919');
INSERT INTO post_tags (post_id, tag) VALUES ('68e4c90c-215d-a4a4-ccce-c36600000000', 'life');
INSERT INTO post_tags (post_id, tag) VALUES ('68e4c90c-215d-a4a4-ccce-c36600000000', 'update');
INSERT INTO post_tags (post_id, tag) VALUES ('68e4c90c-215d-a4a4-ccce-c36600000000', 'daily');
INSERT INTO posts (post_id, user_id, body, created_at) VALUES ('68e4c90c-215d-a4a4-ccce-c36700000000', '671b0000-0000-0000-0000-010600000000', 'Post #28: A quick update from me.', '2025-10-07 08:02:20.920');
INSERT INTO post_likes (post_id, user_id) VALUES ('68e4c90c-215d-a4a4-ccce-c36700000000', '671b0000-0000-0000-0000-010500000000');
INSERT INTO post_comments (post_id, user_id, body, created_at) VALUES ('68e4c90c-215d-a4a4-ccce-c36700000000', '671b0000-0000-0000-0000-010100000000', 'Interesting perspective.', '2025-10-07 08:07:32.481');
INSERT INTO post_tags (post_id, tag) VALUES ('68e4c90c-215d-a4a4-ccce-c36700000000', 'life');
INSERT INTO post_tags (post_id, tag) VALUES ('68e4c90c-215d-a4a4-ccce-c36700000000', 'update');
INSERT INTO post_tags (post_id, tag) VALUES ('68e4c90c-215d-a4a4-ccce-c36700000000', 'daily');
INSERT INTO posts (post_id, user_id, body, created_at) VALUES ('68e4c90c-215d-a4a4-ccce-c36800000000', '671b0000-0000-0000-0000-010100000000', 'Post #29: Spent the day shooting content at 3 underrated cafes. New vlog soon!', '2025-10-07 08:02:20.922');
INSERT INTO post_likes (post_id, user_id) VALUES ('68e4c90c-215d-a4a4-ccce-c36800000000', '671b0000-0000-0000-0000-010800000000');
INSERT INTO post_likes (post_id, user_id) VALUES ('68e4c90c-215d-a4a4-ccce-c36800000000', '671b0000-0000-0000-0000-010500000000');
INSERT INTO post_likes (post_id, user_id) VALUES ('68e4c90c-215d-a4a4-ccce-c36800000000', '671b0000-0000-0000-0000-010600000000');
INSERT INTO post_tags (post_id, tag) VALUES ('68e4c90c-215d-a4a4-ccce-c36800000000', 'life');
INSERT INTO post_tags (post_id, tag) VALUES ('68e4c90c-215d-a4a4-ccce-c36800000000', 'update');
INSERT INTO post_tags (post_id, tag) VALUES ('68e4c90c-215d-a4a4-ccce-c36800000000', 'daily');
INSERT INTO posts (post_id, user_id, body, created_at) VALUES ('68e4c90c-215d-a4a4-ccce-c36900000000', '671b0000-0000-0000-0000-010800000000', 'Post #30: Working on a new research paper about dataset bias in AI training.', '2025-10-07 08:02:20.923');
INSERT INTO post_likes (post_id, user_id) VALUES ('68e4c90c-215d-a4a4-ccce-c36900000000', '671b0000-0000-0000-0000-010400000000');
INSERT INTO post_likes (post_id, user_id) VALUES ('68e4c90c-215d-a4a4-ccce-c36900000000', '671b0000-0000-0000-0000-010600000000');
INSERT INTO post_likes (post_id, user_id) VALUES ('68e4c90c-215d-a4a4-ccce-c36900000000', '671b0000-0000-0000-0000-010200000000');
INSERT INTO post_tags (post_id, tag) VALUES ('68e4c90c-215d-a4a4-ccce-c36900000000', 'life');
INSERT INTO post_tags (post_id, tag) VALUES ('68e4c90c-215d-a4a4-ccce-c36900000000', 'update');
INSERT INTO post_tags (post_id, tag) VALUES ('68e4c90c-215d-a4a4-ccce-c36900000000', 'daily');
INSERT INTO posts (post_id, user_id, body, created_at) VALUES ('68e4c90c-215d-a4a4-ccce-c36a00000000', '671b0000-0000-0000-0000-010200000000', 'Post #31: Sharing my thoughts about tech.', '2025-10-07 08:02:20.926');
INSERT INTO post_likes (post_id, user_id) VALUES ('68e4c90c-215d-a4a4-ccce-c36a00000000', '671b0000-0000-0000-0000-010500000000');
INSERT INTO post_comments (post_id, user_id, body, created_at) VALUES ('68e4c90c-215d-a4a4-ccce-c36a00000000', '671b0000-0000-0000-0000-010600000000', 'This is helpful.', '2025-10-07 08:07:32.487');
INSERT INTO post_comments (post_id, user_id, body, created_at) VALUES ('68e4c90c-215d-a4a4-ccce-c36a00000000', '671b0000-0000-0000-0000-010300000000', 'Interesting perspective.', '2025-10-07 08:07:32.487');
INSERT INTO post_comments (post_id, user_id, body, created_at) VALUES ('68e4c90c-215d-a4a4-ccce-c36a00000000', '671b0000-0000-0000-0000-010300000000', 'Interesting perspective.', '2025-10-07 08:07:32.487');
INSERT INTO post_tags (post_id, tag) VALUES ('68e4c90c-215d-a4a4-ccce-c36a00000000', 'life');
INSERT INTO post_tags (post_id, tag) VALUES ('68e4c90c-215d-a4a4-ccce-c36a00000000', 'update');
INSERT INTO post_tags (post_id, tag) VALUES ('68e4c90c-215d-a4a4-ccce-c36a00000000', 'daily');
INSERT INTO posts (post_id, user_id, body, created_at) VALUES ('68e4c90c-215d-a4a4-ccce-c36b00000000', '671b0000-0000-0000-0000-010800000000', 'Post #32: Learning MongoDB today!', '2025-10-07 08:02:20.927');
INSERT INTO post_likes (post_id, user_id) VALUES ('68e4c90c-215d-a4a4-ccce-c36b00000000', '671b0000-0000-0000-0000-010300000000');
INSERT INTO post_tags (post_id, tag) VALUES ('68e4c90c-215d-a4a4-ccce-c36b00000000', 'life');
INSERT INTO post_tags (post_id, tag) VALUES ('68e4c90c-215d-a4a4-ccce-c36b00000000', 'update');
INSERT INTO post_tags (post_id, tag) VALUES ('68e4c90c-215d-a4a4-ccce-c36b00000000', 'daily');
INSERT INTO posts (post_id, user_id, body, created_at) VALUES ('68e4c90c-215d-a4a4-ccce-c36c00000000', '671b0000-0000-0000-0000-010700000000', 'Post #33: Working on a new research paper about dataset bias in AI training.', '2025-10-07 08:02:20.929');
INSERT INTO post_likes (post_id, user_id) VALUES ('68e4c90c-215d-a4a4-ccce-c36c00000000', '671b0000-0000-0000-0000-010100000000');
INSERT INTO post_likes (post_id, user_id) VALUES ('68e4c90c-215d-a4a4-ccce-c36c00000000', '671b0000-0000-0000-0000-010500000000');
INSERT INTO post_likes (post_id, user_id) VALUES ('68e4c90c-215d-a4a4-ccce-c36c00000000', '671b0000-0000-0000-0000-010600000000');
INSERT INTO post_likes (post_id, user_id) VALUES ('68e4c90c-215d-a4a4-ccce-c36c00000000', '671b0000-0000-0000-0000-010800000000');
INSERT INTO post_likes (post_id, user_id) VALUES ('68e4c90c-215d-a4a4-ccce-c36c00000000', '671b0000-0000-0000-0000-010700000000');
INSERT INTO post_comments (post_id, user_id, body, created_at) VALUES ('68e4c90c-215d-a4a4-ccce-c36c00000000', '671b0000-0000-0000-0000-010800000000', 'Nice post!', '2025-10-07 08:07:32.491');
INSERT INTO post_comments (post_id, user_id, body, created_at) VALUES ('68e4c90c-215d-a4a4-ccce-c36c00000000', '671b0000-0000-0000-0000-010500000000', 'This is helpful.', '2025-10-07 08:07:32.491');
INSERT INTO post_tags (post_id, tag) VALUES ('68e4c90c-215d-a4a4-ccce-c36c00000000', 'life');
INSERT INTO post_tags (post_id, tag) VALUES ('68e4c90c-215d-a4a4-ccce-c36c00000000', 'update');
INSERT INTO post_tags (post_id, tag) VALUES ('68e4c90c-215d-a4a4-ccce-c36c00000000', 'daily');
INSERT INTO posts (post_id, user_id, body, created_at) VALUES ('68e4c90c-215d-a4a4-ccce-c36d00000000', '671b0000-0000-0000-0000-010400000000', 'Post #34: Tips and tricks for developers.', '2025-10-07 08:02:20.931');
INSERT INTO post_likes (post_id, user_id) VALUES ('68e4c90c-215d-a4a4-ccce-c36d00000000', '671b0000-0000-0000-0000-010800000000');
INSERT INTO post_likes (post_id, user_id) VALUES ('68e4c90c-215d-a4a4-ccce-c36d00000000', '671b0000-0000-0000-0000-010300000000');
INSERT INTO post_comments (post_id, user_id, body, created_at) VALUES ('68e4c90c-215d-a4a4-ccce-c36d00000000', '671b0000-0000-0000-0000-010700000000', 'Absolutely agree!', '2025-10-07 08:07:32.493');
INSERT INTO post_comments (post_id, user_id, body, created_at) VALUES ('68e4c90c-215d-a4a4-ccce-c36d00000000', '671b0000-0000-0000-0000-010300000000', 'Thanks for sharing.', '2025-10-07 08:07:32.493');
INSERT INTO post_comments (post_id, user_id, body, created_at) VALUES ('68e4c90c-215d-a4a4-ccce-c36d00000000', '671b0000-0000-0000-0000-010200000000', 'Absolutely agree!', '2025-10-07 08:07:32.493');
INSERT INTO post_tags (post_id, tag) VALUES ('68e4c90c-215d-a4a4-ccce-c36d00000000', 'life');
INSERT INTO post_tags (post_id, tag) VALUES ('68e4c90c-215d-a4a4-ccce-c36d00000000', 'update');
INSERT INTO post_tags (post_id, tag) VALUES ('68e4c90c-215d-a4a4-ccce-c36d00000000', 'daily');
INSERT INTO posts (post_id, user_id, body, created_at) VALUES ('68e4c90c-215d-a4a4-ccce-c36e00000000', '671b0000-0000-0000-0000-010800000000', 'Post #35: Spent the day shooting content at 3 underrated cafes. New vlog soon!', '2025-10-07 08:02:20.933');
INSERT INTO post_likes (post_id, user_id) VALUES ('68e4c90c-215d-a4a4-ccce-c36e00000000', '671b0000-0000-0000-0000-010800000000');
INSERT INTO post_likes (post_id, user_id) VALUES ('68e4c90c-215d-a4a4-ccce-c36e00000000', '671b0000-0000-0000-0000-010400000000');
INSERT INTO post_comments (post_id, user_id, body, created_at) VALUES ('68e4c90c-215d-a4a4-ccce-c36e00000000', '671b0000-0000-0000-0000-010100000000', 'Can you explain more?', '2025-10-07 08:07:32.495');
INSERT INTO post_comments (post_id, user_id, body, created_at) VALUES ('68e4c90c-215d-a4a4-ccce-c36e00000000', '671b0000-0000-0000-0000-010400000000', 'Absolutely agree!', '2025-10-07 08:07:32.495');
INSERT INTO post_tags (post_id, tag) VALUES ('68e4c90c-215d-a4a4-ccce-c36e00000000', 'life');
INSERT INTO post_tags (post_id, tag) VALUES ('68e4c90c-215d-a4a4-ccce-c36e00000000', 'update');
INSERT INTO post_tags (post_id, tag) VALUES ('68e4c90c-215d-a4a4-ccce-c36e00000000', 'daily');
INSERT INTO posts (post_id, user_id, body, created_at) VALUES ('68e4c90c-215d-a4a4-ccce-c36f00000000', '671b0000-0000-0000-0000-010100000000', 'Post #36: Shared a new guide on setting up CI/CD pipelines using AWS Lambda.', '2025-10-07 08:02:20.934');
INSERT INTO post_likes (post_id, user_id) VALUES ('68e4c90c-215d-a4a4-ccce-c36f00000000', '671b0000-0000-0000-0000-010300000000');
INSERT INTO post_likes (post_id, user_id) VALUES ('68e4c90c-215d-a4a4-ccce-c36f00000000', '671b0000-0000-0000-0000-010600000000');
INSERT INTO post_likes (post_id, user_id) VALUES ('68e4c90c-215d-a4a4-ccce-c36f00000000', '671b0000-0000-0000-0000-010200000000');
INSERT INTO post_likes (post_id, user_id) VALUES ('68e4c90c-215d-a4a4-ccce-c36f00000000', '671b0000-0000-0000-0000-010700000000');
INSERT INTO post_comments (post_id, user_id, body, created_at) VALUES ('68e4c90c-215d-a4a4-ccce-c36f00000000', '671b0000-0000-0000-0000-010200000000', 'Absolutely agree!', '2025-10-07 08:07:32.497');
INSERT INTO post_tags (post_id, tag) VALUES ('68e4c90c-215d-a4a4-ccce-c36f00000000', 'life');
INSERT INTO post_tags (post_id, tag) VALUES ('68e4c90c-215d-a4a4-ccce-c36f00000000', 'update');
INSERT INTO post_tags (post_id, tag) VALUES ('68e4c90c-215d-a4a4-ccce-c36f00000000', 'daily');
INSERT INTO posts (post_id, user_id, body, created_at) VALUES ('68e4c90c-215d-a4a4-ccce-c37000000000', '671b0000-0000-0000-0000-010300000000', 'Post #37: Reflecting on daily life.', '2025-10-07 08:02:20.936');
INSERT INTO post_likes (post_id, user_id) VALUES ('68e4c90c-215d-a4a4-ccce-c37000000000', '671b0000-0000-0000-0000-010300000000');
INSERT INTO post_comments (post_id, user_id, body, created_at) VALUES ('68e4c90c-215d-a4a4-ccce-c37000000000', '671b0000-0000-0000-0000-010700000000', 'Thanks for sharing.', '2025-10-07 08:07:32.499');
INSERT INTO post_comments (post_id, user_id, body, created_at) VALUES ('68e4c90c-215d-a4a4-ccce-c37000000000', '671b0000-0000-0000-0000-010400000000', 'Loved this!', '2025-10-07 08:07:32.499');
INSERT INTO post_comments (post_id, user_id, body, created_at) VALUES ('68e4c90c-215d-a4a4-ccce-c37000000000', '671b0000-0000-0000-0000-010600000000', 'Great content!', '2025-10-07 08:07:32.499');
INSERT INTO post_tags (post_id, tag) VALUES ('68e4c90c-215d-a4a4-ccce-c37000000000', 'life');
INSERT INTO post_tags (post_id, tag) VALUES ('68e4c90c-215d-a4a4-ccce-c37000000000', 'update');
INSERT INTO post_tags (post_id, tag) VALUES ('68e4c90c-215d-a4a4-ccce-c37000000000', 'daily');
INSERT INTO posts (post_id, user_id, body, created_at) VALUES ('68e4c90c-215d-a4a4-ccce-c37100000000', '671b0000-0000-0000-0000-010100000000', 'Post #38: Working on a new research paper about dataset bias in AI training.', '2025-10-07 08:02:20.937');
INSERT INTO post_tags (post_id, tag) VALUES ('68e4c90c-215d-a4a4-ccce-c37100000000', 'life');
INSERT INTO post_tags (post_id, tag) VALUES ('68e4c90c-215d-a4a4-ccce-c37100000000', 'update');
INSERT INTO post_tags (post_id, tag) VALUES ('68e4c90c-215d-a4a4-ccce-c37100000000', 'daily');
INSERT INTO posts (post_id, user_id, body, created_at) VALUES ('68e4c90c-215d-a4a4-ccce-c37200000000', '671b0000-0000-0000-0000-010100000000', 'Post #39: Learning MongoDB today!', '2025-10-07 08:02:20.939');
INSERT INTO post_likes (post_id, user_id) VALUES ('68e4c90c-215d-a4a4-ccce-c37200000000', '671b0000-0000-0000-0000-010500000000');
INSERT INTO post_likes (post_id, user_id) VALUES ('68e4c90c-215d-a4a4-ccce-c37200000000', '671b0000-0000-0000-0000-010800000000');
INSERT INTO post_likes (post_id, user_id) VALUES ('68e4c90c-215d-a4a4-ccce-c37200000000', '671b0000-0000-0000-0000-010300000000');
INSERT INTO post_comments (post_id, user_id, body, created_at) VALUES ('68e4c90c-215d-a4a4-ccce-c37200000000', '671b0000-0000-0000-0000-010200000000', 'Interesting perspective.', '2025-10-07 08:07:32.504');
INSERT INTO post_tags (post_id, tag) VALUES ('68e4c90c-215d-a4a4-ccce-c37200000000', 'life');
INSERT INTO post_tags (post_id, tag) VALUES ('68e4c90c-215d-a4a4-ccce-c37200000000', 'update');
INSERT INTO post_tags (post_id, tag) VALUES ('68e4c90c-215d-a4a4-ccce-c37200000000', 'daily');
INSERT INTO posts (post_id, user_id, body, created_at) VALUES ('68e4c90c-215d-a4a4-ccce-c37300000000', '671b0000-0000-0000-0000-010600000000', 'Post #40: Shared a new guide on setting up CI/CD pipelines using AWS Lambda.', '2025-10-07 08:02:20.940');
INSERT INTO post_likes (post_id, user_id) VALUES ('68e4c90c-215d-a4a4-ccce-c37300000000', '671b0000-0000-0000-0000-010100000000');
INSERT INTO post_likes (post_id, user_id) VALUES ('68e4c90c-215d-a4a4-ccce-c37300000000', '671b0000-0000-0000-0000-010700000000');
INSERT INTO post_likes (post_id, user_id) VALUES ('68e4c90c-215d-a4a4-ccce-c37300000000', '671b0000-0000-0000-0000-010500000000');
INSERT INTO post_likes (post_id, user_id) VALUES ('68e4c90c-215d-a4a4-ccce-c37300000000', '671b0000-0000-0000-0000-010400000000');
INSERT INTO post_comments (post_id, user_id, body, created_at) VALUES ('68e4c90c-215d-a4a4-ccce-c37300000000', '671b0000-0000-0000-0000-010200000000', 'Nice post!', '2025-10-07 08:07:32.507');
INSERT INTO post_comments (post_id, user_id, body, created_at) VALUES ('68e4c90c-215d-a4a4-ccce-c37300000000', '671b0000-0000-0000-0000-010200000000', 'Interesting perspective.', '2025-10-07 08:07:32.507');
INSERT INTO post_comments (post_id, user_id, body, created_at) VALUES ('68e4c90c-215d-a4a4-ccce-c37300000000', '671b0000-0000-0000-0000-010500000000', 'Nice post!', '2025-10-07 08:07:32.507');
INSERT INTO post_tags (post_id, tag) VALUES ('68e4c90c-215d-a4a4-ccce-c37300000000', 'life');
INSERT INTO post_tags (post_id, tag) VALUES ('68e4c90c-215d-a4a4-ccce-c37300000000', 'update');
INSERT INTO post_tags (post_id, tag) VALUES ('68e4c90c-215d-a4a4-ccce-c37300000000', 'daily');
INSERT INTO posts (post_id, user_id, body, created_at) VALUES ('68e4c90c-215d-a4a4-ccce-c37400000000', '671b0000-0000-0000-0000-010500000000', 'Post #41: Tips and tricks for developers.', '2025-10-07 08:02:20.946');
INSERT INTO post_likes (post_id, user_id) VALUES ('68e4c90c-215d-a4a4-ccce-c37400000000', '671b0000-0000-0000-0000-010700000000');
INSERT INTO post_likes (post_id, user_id) VALUES ('68e4c90c-215d-a4a4-ccce-c37400000000', '671b0000-0000-0000-0000-010200000000');
INSERT INTO post_likes (post_id, user_id) VALUES ('68e4c90c-215d-a4a4-ccce-c37400000000', '671b0000-0000-0000-0000-010300000000');
INSERT INTO post_comments (post_id, user_id, body, created_at) VALUES ('68e4c90c-215d-a4a4-ccce-c37400000000', '671b0000-0000-0000-0000-010600000000', 'Can you explain more?', '2025-10-07 08:07:32.509');
INSERT INTO post_tags (post_id, tag) VALUES ('68e4c90c-215d-a4a4-ccce-c37400000000', 'life');
INSERT INTO post_tags (post_id, tag) VALUES ('68e4c90c-215d-a4a4-ccce-c37400000000', 'update');
INSERT INTO post_tags (post_id, tag) VALUES ('68e4c90c-215d-a4a4-ccce-c37400000000', 'daily');
INSERT INTO posts (post_id, user_id, body, created_at) VALUES ('68e4c90c-215d-a4a4-ccce-c37500000000', '671b0000-0000-0000-0000-010500000000', 'Post #42: Sharing my thoughts about tech.', '2025-10-07 08:02:20.948');
INSERT INTO post_likes (post_id, user_id) VALUES ('68e4c90c-215d-a4a4-ccce-c37500000000', '671b0000-0000-0000-0000-010600000000');
INSERT INTO post_likes (post_id, user_id) VALUES ('68e4c90c-215d-a4a4-ccce-c37500000000', '671b0000-0000-0000-0000-010100000000');
INSERT INTO post_comments (post_id, user_id, body, created_at) VALUES ('68e4c90c-215d-a4a4-ccce-c37500000000', '671b0000-0000-0000-0000-010500000000', 'This is helpful.', '2025-10-07 08:07:32.511');
INSERT INTO post_comments (post_id, user_id, body, created_at) VALUES ('68e4c90c-215d-a4a4-ccce-c37500000000', '671b0000-0000-0000-0000-010100000000', 'Can you explain more?', '2025-10-07 08:07:32.511');
INSERT INTO post_comments (post_id, user_id, body, created_at) VALUES ('68e4c90c-215d-a4a4-ccce-c37500000000', '671b0000-0000-0000-0000-010800000000', 'Nice post!', '2025-10-07 08:07:32.511');
INSERT INTO post_tags (post_id, tag) VALUES ('68e4c90c-215d-a4a4-ccce-c37500000000', 'life');
INSERT INTO post_tags (post_id, tag) VALUES ('68e4c90c-215d-a4a4-ccce-c37500000000', 'update');
INSERT INTO post_tags (post_id, tag) VALUES ('68e4c90c-215d-a4a4-ccce-c37500000000', 'daily');
INSERT INTO posts (post_id, user_id, body, created_at) VALUES ('68e4c90c-215d-a4a4-ccce-c37600000000', '671b0000-0000-0000-0000-010300000000', 'Post #43: Simple ingredients, pure magic. Full recipe in comments!', '2025-10-07 08:02:20.949');
INSERT INTO post_likes (post_id, user_id) VALUES ('68e4c90c-215d-a4a4-ccce-c37600000000', '671b0000-0000-0000-0000-010200000000');
INSERT INTO post_comments (post_id, user_id, body, created_at) VALUES ('68e4c90c-215d-a4a4-ccce-c37600000000', '671b0000-0000-0000-0000-010200000000', 'Absolutely agree!', '2025-10-07 08:07:32.514');
INSERT INTO post_tags (post_id, tag) VALUES ('68e4c90c-215d-a4a4-ccce-c37600000000', 'life');
INSERT INTO post_tags (post_id, tag) VALUES ('68e4c90c-215d-a4a4-ccce-c37600000000', 'update');
INSERT INTO post_tags (post_id, tag) VALUES ('68e4c90c-215d-a4a4-ccce-c37600000000', 'daily');
INSERT INTO posts (post_id, user_id, body, created_at) VALUES ('68e4c90c-215d-a4a4-ccce-c37700000000', '671b0000-0000-0000-0000-010500000000', 'Post #44: Check out my latest project.', '2025-10-07 08:02:20.950');
INSERT INTO post_comments (post_id, user_id, body, created_at) VALUES ('68e4c90c-215d-a4a4-ccce-c37700000000', '671b0000-0000-0000-0000-010500000000', 'Nice post!', '2025-10-07 08:07:32.517');
INSERT INTO post_comments (post_id, user_id, body, created_at) VALUES ('68e4c90c-215d-a4a4-ccce-c37700000000', '671b0000-0000-0000-0000-010100000000', 'Thanks for sharing.', '2025-10-07 08:07:32.517');
INSERT INTO post_comments (post_id, user_id, body, created_at) VALUES ('68e4c90c-215d-a4a4-ccce-c37700000000', '671b0000-0000-0000-0000-010600000000', 'Absolutely agree!', '2025-10-07 08:07:32.517');
INSERT INTO post_tags (post_id, tag) VALUES ('68e4c90c-215d-a4a4-ccce-c37700000000', 'life');
INSERT INTO post_tags (post_id, tag) VALUES ('68e4c90c-215d-a4a4-ccce-c37700000000', 'update');
INSERT INTO post_tags (post_id, tag) VALUES ('68e4c90c-215d-a4a4-ccce-c37700000000', 'daily');
INSERT INTO posts (post_id, user_id, body, created_at) VALUES ('68e4c90c-215d-a4a4-ccce-c37800000000', '671b0000-0000-0000-0000-010200000000', 'Post #45: Reflecting on daily life.', '2025-10-07 08:02:20.952');
INSERT INTO post_comments (post_id, user_id, body, created_at) VALUES ('68e4c90c-215d-a4a4-ccce-c37800000000', '671b0000-0000-0000-0000-010300000000', 'Great content!', '2025-10-07 08:07:32.519');
INSERT INTO post_tags (post_id, tag) VALUES ('68e4c90c-215d-a4a4-ccce-c37800000000', 'life');
INSERT INTO post_tags (post_id, tag) VALUES ('68e4c90c-215d-a4a4-ccce-c37800000000', 'update');
INSERT INTO post_tags (post_id, tag) VALUES ('68e4c90c-215d-a4a4-ccce-c37800000000', 'daily');
INSERT INTO posts (post_id, user_id, body, created_at) VALUES ('68e4c90c-215d-a4a4-ccce-c37900000000', '671b0000-0000-0000-0000-010800000000', 'Post #46: Check out my latest project.', '2025-10-07 08:02:20.953');
INSERT INTO post_likes (post_id, user_id) VALUES ('68e4c90c-215d-a4a4-ccce-c37900000000', '671b0000-0000-0000-0000-010400000000');
INSERT INTO post_likes (post_id, user_id) VALUES ('68e4c90c-215d-a4a4-ccce-c37900000000', '671b0000-0000-0000-0000-010300000000');
INSERT INTO post_likes (post_id, user_id) VALUES ('68e4c90c-215d-a4a4-ccce-c37900000000', '671b0000-0000-0000-0000-010100000000');
INSERT INTO post_likes (post_id, user_id) VALUES ('68e4c90c-215d-a4a4-ccce-c37900000000', '671b0000-0000-0000-0000-010200000000');
INSERT INTO post_likes (post_id, user_id) VALUES ('68e4c90c-215d-a4a4-ccce-c37900000000', '671b0000-0000-0000-0000-010800000000');
INSERT INTO post_comments (post_id, user_id, body, created_at) VALUES ('68e4c90c-215d-a4a4-ccce-c37900000000', '671b0000-0000-0000-0000-010300000000', 'Nice post!', '2025-10-07 08:07:32.522');
INSERT INTO post_tags (post_id, tag) VALUES ('68e4c90c-215d-a4a4-ccce-c37900000000', 'life');
INSERT INTO post_tags (post_id, tag) VALUES ('68e4c90c-215d-a4a4-ccce-c37900000000', 'update');
INSERT INTO post_tags (post_id, tag) VALUES ('68e4c90c-215d-a4a4-ccce-c37900000000', 'daily');
INSERT INTO posts (post_id, user_id, body, created_at) VALUES ('68e4c90c-215d-a4a4-ccce-c37a00000000', '671b0000-0000-0000-0000-010600000000', 'Post #47: Check out my latest project.', '2025-10-07 08:02:20.954');
INSERT INTO post_likes (post_id, user_id) VALUES ('68e4c90c-215d-a4a4-ccce-c37a00000000', '671b0000-0000-0000-0000-010400000000');
INSERT INTO post_comments (post_id, user_id, body, created_at) VALUES ('68e4c90c-215d-a4a4-ccce-c37a00000000', '671b0000-0000-0000-0000-010800000000', 'This is helpful.', '2025-10-07 08:07:32.524');
INSERT INTO post_comments (post_id, user_id, body, created_at) VALUES ('68e4c90c-215d-a4a4-ccce-c37a00000000', '671b0000-0000-0000-0000-010600000000', 'Can you explain more?', '2025-10-07 08:07:32.524');
INSERT INTO post_comments (post_id, user_id, body, created_at) VALUES ('68e4c90c-215d-a4a4-ccce-c37a00000000', '671b0000-0000-0000-0000-010400000000', 'Great content!', '2025-10-07 08:07:32.524');
INSERT INTO post_tags (post_id, tag) VALUES ('68e4c90c-215d-a4a4-ccce-c37a00000000', 'life');
INSERT INTO post_tags (post_id, tag) VALUES ('68e4c90c-215d-a4a4-ccce-c37a00000000', 'update');
INSERT INTO post_tags (post_id, tag) VALUES ('68e4c90c-215d-a4a4-ccce-c37a00000000', 'daily');
INSERT INTO posts (post_id, user_id, body, created_at) VALUES ('68e4c90c-215d-a4a4-ccce-c37b00000000', '671b0000-0000-0000-0000-010600000000', 'Post #48: Working on a new research paper about dataset bias in AI training.', '2025-10-07 08:02:20.956');
INSERT INTO post_likes (post_id, user_id) VALUES ('68e4c90c-215d-a4a4-ccce-c37b00000000', '671b0000-0000-0000-0000-010500000000');
INSERT INTO post_likes (post_id, user_id) VALUES ('68e4c90c-215d-a4a4-ccce-c37b00000000', '671b0000-0000-0000-0000-010300000000');
INSERT INTO post_comments (post_id, user_id, body, created_at) VALUES ('68e4c90c-215d-a4a4-ccce-c37b00000000', '671b0000-0000-0000-0000-010300000000', 'Can you explain more?', '2025-10-07 08:07:32.526');
INSERT INTO post_comments (post_id, user_id, body, created_at) VALUES ('68e4c90c-215d-a4a4-ccce-c37b00000000', '671b0000-0000-0000-0000-010400000000', 'Can you explain more?', '2025-10-07 08:07:32.526');
INSERT INTO post_tags (post_id, tag) VALUES ('68e4c90c-215d-a4a4-ccce-c37b00000000', 'life');
INSERT INTO post_tags (post_id, tag) VALUES ('68e4c90c-215d-a4a4-ccce-c37b00000000', 'update');
INSERT INTO post_tags (post_id, tag) VALUES ('68e4c90c-215d-a4a4-ccce-c37b00000000', 'daily');
INSERT INTO posts (post_id, user_id, body, created_at) VALUES ('68e4c90c-215d-a4a4-ccce-c37c00000000', '671b0000-0000-0000-0000-010600000000', 'Post #49: Learning MongoDB today!', '2025-10-07 08:02:20.958');
INSERT INTO post_likes (post_id, user_id) VALUES ('68e4c90c-215d-a4a4-ccce-c37c00000000', '671b0000-0000-0000-0000-010200000000');
INSERT INTO post_likes (post_id, user_id) VALUES ('68e4c90c-215d-a4a4-ccce-c37c00000000', '671b0000-0000-0000-0000-010100000000');
INSERT INTO post_comments (post_id, user_id, body, created_at) VALUES ('68e4c90c-215d-a4a4-ccce-c37c00000000', '671b0000-0000-0000-0000-010700000000', 'Loved this!', '2025-10-07 08:07:32.532');
INSERT INTO post_comments (post_id, user_id, body, created_at) VALUES ('68e4c90c-215d-a4a4-ccce-c37c00000000', '671b0000-0000-0000-0000-010600000000', 'Thanks for sharing.', '2025-10-07 08:07:32.532');
INSERT INTO post_comments (post_id, user_id, body, created_at) VALUES ('68e4c90c-215d-a4a4-ccce-c37c00000000', '671b0000-0000-0000-0000-010300000000', 'Great content!', '2025-10-07 08:07:32.532');
INSERT INTO post_tags (post_id, tag) VALUES ('68e4c90c-215d-a4a4-ccce-c37c00000000', 'life');
INSERT INTO post_tags (post_id, tag) VALUES ('68e4c90c-215d-a4a4-ccce-c37c00000000', 'update');
INSERT INTO post_tags (post_id, tag) VALUES ('68e4c90c-215d-a4a4-ccce-c37c00000000', 'daily');
INSERT INTO posts (post_id, user_id, body, created_at) VALUES ('68e4c90c-215d-a4a4-ccce-c37d00000000', '671b0000-0000-0000-0000-010100000000', 'Post #50: Simple ingredients, pure magic. Full recipe in comments!', '2025-10-07 08:02:20.960');
INSERT INTO post_likes (post_id, user_id) VALUES ('68e4c90c-215d-a4a4-ccce-c37d00000000', '671b0000-0000-0000-0000-010700000000');
INSERT INTO post_likes (post_id, user_id) VALUES ('68e4c90c-215d-a4a4-ccce-c37d00000000', '671b0000-0000-0000-0000-010400000000');
INSERT INTO post_likes (post_id, user_id) VALUES ('68e4c90c-215d-a4a4-ccce-c37d00000000', '671b0000-0000-0000-0000-010300000000');
INSERT INTO post_tags (post_id, tag) VALUES ('68e4c90c-215d-a4a4-ccce-c37d00000000', 'life');
INSERT INTO post_tags (post_id, tag) VALUES ('68e4c90c-215d-a4a4-ccce-c37d00000000', 'update');
INSERT INTO post_tags (post_id, tag) VALUES ('68e4c90c-215d-a4a4-ccce-c37d00000000', 'daily');
INSERT INTO posts (post_id, user_id, body, created_at) VALUES ('68e4c90c-215d-a4a4-ccce-c37e00000000', '671b0000-0000-0000-0000-010300000000', 'Post #51: Learning MongoDB today!', '2025-10-07 08:02:20.961');
INSERT INTO post_likes (post_id, user_id) VALUES ('68e4c90c-215d-a4a4-ccce-c37e00000000', '671b0000-0000-0000-0000-010400000000');
INSERT INTO post_likes (post_id, user_id) VALUES ('68e4c90c-215d-a4a4-ccce-c37e00000000', '671b0000-0000-0000-0000-010600000000');
INSERT INTO post_likes (post_id, user_id) VALUES ('68e4c90c-215d-a4a4-ccce-c37e00000000', '671b0000-0000-0000-0000-010200000000');
INSERT INTO post_likes (post_id, user_id) VALUES ('68e4c90c-215d-a4a4-ccce-c37e00000000', '671b0000-0000-0000-0000-010100000000');
INSERT INTO post_comments (post_id, user_id, body, created_at) VALUES ('68e4c90c-215d-a4a4-ccce-c37e00000000', '671b0000-0000-0000-0000-010300000000', 'Can you explain more?', '2025-10-07 08:07:32.539');
INSERT INTO post_tags (post_id, tag) VALUES ('68e4c90c-215d-a4a4-ccce-c37e00000000', 'life');
INSERT INTO post_tags (post_id, tag) VALUES ('68e4c90c-215d-a4a4-ccce-c37e00000000', 'update');
INSERT INTO post_tags (post_id, tag) VALUES ('68e4c90c-215d-a4a4-ccce-c37e00000000', 'daily');
INSERT INTO posts (post_id, user_id, body, created_at) VALUES ('68e4c90c-215d-a4a4-ccce-c37f00000000', '671b0000-0000-0000-0000-010300000000', 'Post #52: Exploring new social media features.', '2025-10-07 08:02:20.963');
INSERT INTO post_comments (post_id, user_id, body, created_at) VALUES ('68e4c90c-215d-a4a4-ccce-c37f00000000', '671b0000-0000-0000-0000-010600000000', 'Great content!', '2025-10-07 08:07:32.541');
INSERT INTO post_comments (post_id, user_id, body, created_at) VALUES ('68e4c90c-215d-a4a4-ccce-c37f00000000', '671b0000-0000-0000-0000-010400000000', 'Great content!', '2025-10-07 08:07:32.541');
INSERT INTO post_tags (post_id, tag) VALUES ('68e4c90c-215d-a4a4-ccce-c37f00000000', 'life');
INSERT INTO post_tags (post_id, tag) VALUES ('68e4c90c-215d-a4a4-ccce-c37f00000000', 'update');
INSERT INTO post_tags (post_id, tag) VALUES ('68e4c90c-215d-a4a4-ccce-c37f00000000', 'daily');
INSERT INTO posts (post_id, user_id, body, created_at) VALUES ('68e4c90c-215d-a4a4-ccce-c38000000000', '671b0000-0000-0000-0000-010800000000', 'Post #53: Exploring new social media features.', '2025-10-07 08:02:20.964');
INSERT INTO post_likes (post_id, user_id) VALUES ('68e4c90c-215d-a4a4-ccce-c38000000000', '671b0000-0000-0000-0000-010600000000');
INSERT INTO post_likes (post_id, user_id) VALUES ('68e4c90c-215d-a4a4-ccce-c38000000000', '671b0000-0000-0000-0000-010400000000');
INSERT INTO post_likes (post_id, user_id) VALUES ('68e4c90c-215d-a4a4-ccce-c38000000000', '671b0000-0000-0000-0000-010100000000');
INSERT INTO post_likes (post_id, user_id) VALUES ('68e4c90c-215d-a4a4-ccce-c38000000000', '671b0000-0000-0000-0000-010800000000');
INSERT INTO post_likes (post_id, user_id) VALUES ('68e4c90c-215d-a4a4-ccce-c38000000000', '671b0000-0000-0000-0000-010700000000');
INSERT INTO post_comments (post_id, user_id, body, created_at) VALUES ('68e4c90c-215d-a4a4-ccce-c38000000000', '671b0000-0000-0000-0000-010400000000', 'Thanks for sharing.', '2025-10-07 08:07:32.549');
INSERT INTO post_comments (post_id, user_id, body, created_at) VALUES ('68e4c90c-215d-a4a4-ccce-c38000000000', '671b0000-0000-0000-0000-010400000000', 'Nice post!', '2025-10-07 08:07:32.549');
INSERT INTO post_tags (post_id, tag) VALUES ('68e4c90c-215d-a4a4-ccce-c38000000000', 'life');
INSERT INTO post_tags (post_id, tag) VALUES ('68e4c90c-215d-a4a4-ccce-c38000000000', 'update');
INSERT INTO post_tags (post_id, tag) VALUES ('68e4c90c-215d-a4a4-ccce-c38000000000', 'daily');
INSERT INTO posts (post_id, user_id, body, created_at) VALUES ('68e4c90c-215d-a4a4-ccce-c38100000000', '671b0000-0000-0000-0000-010800000000', 'Post #54: Check out my latest project.', '2025-10-07 08:02:20.965');
INSERT INTO post_likes (post_id, user_id) VALUES ('68e4c90c-215d-a4a4-ccce-c38100000000', '671b0000-0000-0000-0000-010300000000');
INSERT INTO post_likes (post_id, user_id) VALUES ('68e4c90c-215d-a4a4-ccce-c38100000000', '671b0000-0000-0000-0000-010400000000');
INSERT INTO post_tags (post_id, tag) VALUES ('68e4c90c-215d-a4a4-ccce-c38100000000', 'life');
INSERT INTO post_tags (post_id, tag) VALUES ('68e4c90c-215d-a4a4-ccce-c38100000000', 'update');
INSERT INTO post_tags (post_id, tag) VALUES ('68e4c90c-215d-a4a4-ccce-c38100000000', 'daily');
INSERT INTO posts (post_id, user_id, body, created_at) VALUES ('68e4c90c-215d-a4a4-ccce-c38200000000', '671b0000-0000-0000-0000-010600000000', 'Post #55: Learning MongoDB today!', '2025-10-07 08:02:20.967');
INSERT INTO post_likes (post_id, user_id) VALUES ('68e4c90c-215d-a4a4-ccce-c38200000000', '671b0000-0000-0000-0000-010800000000');
INSERT INTO post_comments (post_id, user_id, body, created_at) VALUES ('68e4c90c-215d-a4a4-ccce-c38200000000', '671b0000-0000-0000-0000-010700000000', 'Loved this!', '2025-10-07 08:07:32.553');
INSERT INTO post_comments (post_id, user_id, body, created_at) VALUES ('68e4c90c-215d-a4a4-ccce-c38200000000', '671b0000-0000-0000-0000-010600000000', 'Great content!', '2025-10-07 08:07:32.553');
INSERT INTO post_comments (post_id, user_id, body, created_at) VALUES ('68e4c90c-215d-a4a4-ccce-c38200000000', '671b0000-0000-0000-0000-010400000000', 'Thanks for sharing.', '2025-10-07 08:07:32.553');
INSERT INTO post_tags (post_id, tag) VALUES ('68e4c90c-215d-a4a4-ccce-c38200000000', 'life');
INSERT INTO post_tags (post_id, tag) VALUES ('68e4c90c-215d-a4a4-ccce-c38200000000', 'update');
INSERT INTO post_tags (post_id, tag) VALUES ('68e4c90c-215d-a4a4-ccce-c38200000000', 'daily');
INSERT INTO posts (post_id, user_id, body, created_at) VALUES ('68e4c90c-215d-a4a4-ccce-c38300000000', '671b0000-0000-0000-0000-010600000000', 'Post #56: Learning MongoDB today!', '2025-10-07 08:02:20.968');
INSERT INTO post_likes (post_id, user_id) VALUES ('68e4c90c-215d-a4a4-ccce-c38300000000', '671b0000-0000-0000-0000-010400000000');
INSERT INTO post_likes (post_id, user_id) VALUES ('68e4c90c-215d-a4a4-ccce-c38300000000', '671b0000-0000-0000-0000-010600000000');
INSERT INTO post_likes (post_id, user_id) VALUES ('68e4c90c-215d-a4a4-ccce-c38300000000', '671b0000-0000-0000-0000-010700000000');
INSERT INTO post_comments (post_id, user_id, body, created_at) VALUES ('68e4c90c-215d-a4a4-ccce-c38300000000', '671b0000-0000-0000-0000-010400000000', 'Great content!', '2025-10-07 08:07:32.555');
INSERT INTO post_tags (post_id, tag) VALUES ('68e4c90c-215d-a4a4-ccce-c38300000000', 'life');
INSERT INTO post_tags (post_id, tag) VALUES ('68e4c90c-215d-a4a4-ccce-c38300000000', 'update');
INSERT INTO post_tags (post_id, tag) VALUES ('68e4c90c-215d-a4a4-ccce-c38300000000', 'daily');
INSERT INTO posts (post_id, user_id, body, created_at) VALUES ('68e4c90c-215d-a4a4-ccce-c38400000000', '671b0000-0000-0000-0000-010400000000', 'Post #57: Reflecting on daily life.', '2025-10-07 08:02:20.969');
INSERT INTO post_likes (post_id, user_id) VALUES ('68e4c90c-215d-a4a4-ccce-c38400000000', '671b0000-0000-0000-0000-010700000000');
INSERT INTO post_likes (post_id, user_id) VALUES ('68e4c90c-215d-a4a4-ccce-c38400000000', '671b0000-0000-0000-0000-010200000000');
INSERT INTO post_likes (post_id, user_id) VALUES ('68e4c90c-215d-a4a4-ccce-c38400000000', '671b0000-0000-0000-0000-010500000000');
INSERT INTO post_tags (post_id, tag) VALUES ('68e4c90c-215d-a4a4-ccce-c38400000000', 'life');
INSERT INTO post_tags (post_id, tag) VALUES ('68e4c90c-215d-a4a4-ccce-c38400000000', 'update');
INSERT INTO post_tags (post_id, tag) VALUES ('68e4c90c-215d-a4a4-ccce-c38400000000', 'daily');
INSERT INTO posts (post_id, user_id, body, created_at) VALUES ('68e4c90c-215d-a4a4-ccce-c38500000000', '671b0000-0000-0000-0000-010600000000', 'Post #58: Simple ingredients, pure magic. Full recipe in comments!', '2025-10-07 08:02:20.970');
INSERT INTO post_likes (post_id, user_id) VALUES ('68e4c90c-215d-a4a4-ccce-c38500000000', '671b0000-0000-0000-0000-010100000000');
INSERT INTO post_likes (post_id, user_id) VALUES ('68e4c90c-215d-a4a4-ccce-c38500000000', '671b0000-0000-0000-0000-010200000000');
INSERT INTO post_likes (post_id, user_id) VALUES ('68e4c90c-215d-a4a4-ccce-c38500000000', '671b0000-0000-0000-0000-010800000000');
INSERT INTO post_likes (post_id, user_id) VALUES ('68e4c90c-215d-a4a4-ccce-c38500000000', '671b0000-0000-0000-0000-010300000000');
INSERT INTO post_comments (post_id, user_id, body, created_at) VALUES ('68e4c90c-215d-a4a4-ccce-c38500000000', '671b0000-0000-0000-0000-010800000000', 'Thanks for sharing.', '2025-10-07 08:07:32.558');
INSERT INTO post_tags (post_id, tag) VALUES ('68e4c90c-215d-a4a4-ccce-c38500000000', 'life');
INSERT INTO post_tags (post_id, tag) VALUES ('68e4c90c-215d-a4a4-ccce-c38500000000', 'update');
INSERT INTO post_tags (post_id, tag) VALUES ('68e4c90c-215d-a4a4-ccce-c38500000000', 'daily');
INSERT INTO posts (post_id, user_id, body, created_at) VALUES ('68e4c90c-215d-a4a4-ccce-c38600000000', '671b0000-0000-0000-0000-010400000000', 'Post #59: Sharing my thoughts about tech.', '2025-10-07 08:02:20.972');
INSERT INTO post_comments (post_id, user_id, body, created_at) VALUES ('68e4c90c-215d-a4a4-ccce-c38600000000', '671b0000-0000-0000-0000-010700000000', 'This is helpful.', '2025-10-07 08:07:32.560');
INSERT INTO post_tags (post_id, tag) VALUES ('68e4c90c-215d-a4a4-ccce-c38600000000', 'life');
INSERT INTO post_tags (post_id, tag) VALUES ('68e4c90c-215d-a4a4-ccce-c38600000000', 'update');
INSERT INTO post_tags (post_id, tag) VALUES ('68e4c90c-215d-a4a4-ccce-c38600000000', 'daily');
INSERT INTO posts (post_id, user_id, body, created_at) VALUES ('68e4c90c-215d-a4a4-ccce-c38700000000', '671b0000-0000-0000-0000-010700000000', 'Post #60: Reflecting on daily life.', '2025-10-07 08:02:20.973');
INSERT INTO post_likes (post_id, user_id) VALUES ('68e4c90c-215d-a4a4-ccce-c38700000000', '671b0000-0000-0000-0000-010200000000');
INSERT INTO post_likes (post_id, user_id) VALUES ('68e4c90c-215d-a4a4-ccce-c38700000000', '671b0000-0000-0000-0000-010700000000');
INSERT INTO post_comments (post_id, user_id, body, created_at) VALUES ('68e4c90c-215d-a4a4-ccce-c38700000000', '671b0000-0000-0000-0000-010800000000', 'Great content!', '2025-10-07 08:07:32.562');
INSERT INTO post_comments (post_id, user_id, body, created_at) VALUES ('68e4c90c-215d-a4a4-ccce-c38700000000', '671b0000-0000-0000-0000-010300000000', 'Loved this!', '2025-10-07 08:07:32.562');
INSERT INTO post_tags (post_id, tag) VALUES ('68e4c90c-215d-a4a4-ccce-c38700000000', 'life');
INSERT INTO post_tags (post_id, tag) VALUES ('68e4c90c-215d-a4a4-ccce-c38700000000', 'update');
INSERT INTO post_tags (post_id, tag) VALUES ('68e4c90c-215d-a4a4-ccce-c38700000000', 'daily');
INSERT INTO posts (post_id, user_id, body, created_at) VALUES ('68e4c90c-215d-a4a4-ccce-c38800000000', '671b0000-0000-0000-0000-010100000000', 'Post #61: Simple ingredients, pure magic. Full recipe in comments!', '2025-10-07 08:02:20.975');
INSERT INTO post_likes (post_id, user_id) VALUES ('68e4c90c-215d-a4a4-ccce-c38800000000', '671b0000-0000-0000-0000-010400000000');
INSERT INTO post_likes (post_id, user_id) VALUES ('68e4c90c-215d-a4a4-ccce-c38800000000', '671b0000-0000-0000-0000-010200000000');
INSERT INTO post_comments (post_id, user_id, body, created_at) VALUES ('68e4c90c-215d-a4a4-ccce-c38800000000', '671b0000-0000-0000-0000-010500000000', 'Loved this!', '2025-10-07 08:07:32.564');
INSERT INTO post_comments (post_id, user_id, body, created_at) VALUES ('68e4c90c-215d-a4a4-ccce-c38800000000', '671b0000-0000-0000-0000-010800000000', 'Interesting perspective.', '2025-10-07 08:07:32.564');
INSERT INTO post_comments (post_id, user_id, body, created_at) VALUES ('68e4c90c-215d-a4a4-ccce-c38800000000', '671b0000-0000-0000-0000-010700000000', 'This is helpful.', '2025-10-07 08:07:32.564');
INSERT INTO post_tags (post_id, tag) VALUES ('68e4c90c-215d-a4a4-ccce-c38800000000', 'life');
INSERT INTO post_tags (post_id, tag) VALUES ('68e4c90c-215d-a4a4-ccce-c38800000000', 'update');
INSERT INTO post_tags (post_id, tag) VALUES ('68e4c90c-215d-a4a4-ccce-c38800000000', 'daily');
INSERT INTO posts (post_id, user_id, body, created_at) VALUES ('68e4c90c-215d-a4a4-ccce-c38900000000', '671b0000-0000-0000-0000-010600000000', 'Post #62: Sharing my thoughts about tech.', '2025-10-07 08:02:20.977');
INSERT INTO post_likes (post_id, user_id) VALUES ('68e4c90c-215d-a4a4-ccce-c38900000000', '671b0000-0000-0000-0000-010600000000');
INSERT INTO post_likes (post_id, user_id) VALUES ('68e4c90c-215d-a4a4-ccce-c38900000000', '671b0000-0000-0000-0000-010500000000');
INSERT INTO post_likes (post_id, user_id) VALUES ('68e4c90c-215d-a4a4-ccce-c38900000000', '671b0000-0000-0000-0000-010800000000');
INSERT INTO post_likes (post_id, user_id) VALUES ('68e4c90c-215d-a4a4-ccce-c38900000000', '671b0000-0000-0000-0000-010300000000');
INSERT INTO post_tags (post_id, tag) VALUES ('68e4c90c-215d-a4a4-ccce-c38900000000', 'life');
INSERT INTO post_tags (post_id, tag) VALUES ('68e4c90c-215d-a4a4-ccce-c38900000000', 'update');
INSERT INTO post_tags (post_id, tag) VALUES ('68e4c90c-215d-a4a4-ccce-c38900000000', 'daily');
INSERT INTO posts (post_id, user_id, body, created_at) VALUES ('68e4c90c-215d-a4a4-ccce-c38a00000000', '671b0000-0000-0000-0000-010700000000', 'Post #63: Simple ingredients, pure magic. Full recipe in comments!', '2025-10-07 08:02:20.979');
INSERT INTO post_likes (post_id, user_id) VALUES ('68e4c90c-215d-a4a4-ccce-c38a00000000', '671b0000-0000-0000-0000-010100000000');
INSERT INTO post_comments (post_id, user_id, body, created_at) VALUES ('68e4c90c-215d-a4a4-ccce-c38a00000000', '671b0000-0000-0000-0000-010400000000', 'Absolutely agree!', '2025-10-07 08:07:32.569');
INSERT INTO post_comments (post_id, user_id, body, created_at) VALUES ('68e4c90c-215d-a4a4-ccce-c38a00000000', '671b0000-0000-0000-0000-010200000000', 'Can you explain more?', '2025-10-07 08:07:32.569');
INSERT INTO post_tags (post_id, tag) VALUES ('68e4c90c-215d-a4a4-ccce-c38a00000000', 'life');
INSERT INTO post_tags (post_id, tag) VALUES ('68e4c90c-215d-a4a4-ccce-c38a00000000', 'update');
INSERT INTO post_tags (post_id, tag) VALUES ('68e4c90c-215d-a4a4-ccce-c38a00000000', 'daily');
INSERT INTO posts (post_id, user_id, body, created_at) VALUES ('68e4c90c-215d-a4a4-ccce-c38b00000000', '671b0000-0000-0000-0000-010100000000', 'Post #64: Shared a new guide on setting up CI/CD pipelines using AWS Lambda.', '2025-10-07 08:02:20.980');
INSERT INTO post_likes (post_id, user_id) VALUES ('68e4c90c-215d-a4a4-ccce-c38b00000000', '671b0000-0000-0000-0000-010300000000');
INSERT INTO post_likes (post_id, user_id) VALUES ('68e4c90c-215d-a4a4-ccce-c38b00000000', '671b0000-0000-0000-0000-010600000000');
INSERT INTO post_likes (post_id, user_id) VALUES ('68e4c90c-215d-a4a4-ccce-c38b00000000', '671b0000-0000-0000-0000-010500000000');
INSERT INTO post_likes (post_id, user_id) VALUES ('68e4c90c-215d-a4a4-ccce-c38b00000000', '671b0000-0000-0000-0000-010100000000');
INSERT INTO post_comments (post_id, user_id, body, created_at) VALUES ('68e4c90c-215d-a4a4-ccce-c38b00000000', '671b0000-0000-0000-0000-010700000000', 'Thanks for sharing.', '2025-10-07 08:07:32.571');
INSERT INTO post_tags (post_id, tag) VALUES ('68e4c90c-215d-a4a4-ccce-c38b00000000', 'life');
INSERT INTO post_tags (post_id, tag) VALUES ('68e4c90c-215d-a4a4-ccce-c38b00000000', 'update');
INSERT INTO post_tags (post_id, tag) VALUES ('68e4c90c-215d-a4a4-ccce-c38b00000000', 'daily');
INSERT INTO posts (post_id, user_id, body, created_at) VALUES ('68e4c90c-215d-a4a4-ccce-c38c00000000', '671b0000-0000-0000-0000-010700000000', 'Post #65: A quick update from me.', '2025-10-07 08:02:20.982');
INSERT INTO post_comments (post_id, user_id, body, created_at) VALUES ('68e4c90c-215d-a4a4-ccce-c38c00000000', '671b0000-0000-0000-0000-010800000000', 'Thanks for sharing.', '2025-10-07 08:07:32.572');
INSERT INTO post_comments (post_id, user_id, body, created_at) VALUES ('68e4c90c-215d-a4a4-ccce-c38c00000000', '671b0000-0000-0000-0000-010500000000', 'Interesting perspective.', '2025-10-07 08:07:32.572');
INSERT INTO post_comments (post_id, user_id, body, created_at) VALUES ('68e4c90c-215d-a4a4-ccce-c38c00000000', '671b0000-0000-0000-0000-010700000000', 'Great content!', '2025-10-07 08:07:32.572');
INSERT INTO post_tags (post_id, tag) VALUES ('68e4c90c-215d-a4a4-ccce-c38c00000000', 'life');
INSERT INTO post_tags (post_id, tag) VALUES ('68e4c90c-215d-a4a4-ccce-c38c00000000', 'update');
INSERT INTO post_tags (post_id, tag) VALUES ('68e4c90c-215d-a4a4-ccce-c38c00000000', 'daily');
INSERT INTO posts (post_id, user_id, body, created_at) VALUES ('68e4c90c-215d-a4a4-ccce-c38d00000000', '671b0000-0000-0000-0000-010600000000', 'Post #66: Simple ingredients, pure magic. Full recipe in comments!', '2025-10-07 08:02:20.983');
INSERT INTO post_likes (post_id, user_id) VALUES ('68e4c90c-215d-a4a4-ccce-c38d00000000', '671b0000-0000-0000-0000-010200000000');
INSERT INTO post_likes (post_id, user_id) VALUES ('68e4c90c-215d-a4a4-ccce-c38d00000000', '671b0000-0000-0000-0000-010300000000');
INSERT INTO post_comments (post_id, user_id, body, created_at) VALUES ('68e4c90c-215d-a4a4-ccce-c38d00000000', '671b0000-0000-0000-0000-010300000000', 'Great content!', '2025-10-07 08:07:32.573');
INSERT INTO post_comments (post_id, user_id, body, created_at) VALUES ('68e4c90c-215d-a4a4-ccce-c38d00000000', '671b0000-0000-0000-0000-010600000000', 'Nice post!', '2025-10-07 08:07:32.573');
INSERT INTO post_comments (post_id, user_id, body, created_at) VALUES ('68e4c90c-215d-a4a4-ccce-c38d00000000', '671b0000-0000-0000-0000-010200000000', 'Nice post!', '2025-10-07 08:07:32.573');
INSERT INTO post_tags (post_id, tag) VALUES ('68e4c90c-215d-a4a4-ccce-c38d00000000', 'life');
INSERT INTO post_tags (post_id, tag) VALUES ('68e4c90c-215d-a4a4-ccce-c38d00000000', 'update');
INSERT INTO post_tags (post_id, tag) VALUES ('68e4c90c-215d-a4a4-ccce-c38d00000000', 'daily');
INSERT INTO posts (post_id, user_id, body, created_at) VALUES ('68e4c90c-215d-a4a4-ccce-c38e00000000', '671b0000-0000-0000-0000-010600000000', 'Post #67: Working on a new research paper about dataset bias in AI training.', '2025-10-07 08:02:20.985');
INSERT INTO post_likes (post_id, user_id) VALUES ('68e4c90c-215d-a4a4-ccce-c38e00000000', '671b0000-0000-0000-0000-010500000000');
INSERT INTO post_likes (post_id, user_id) VALUES ('68e4c90c-215d-a4a4-ccce-c38e00000000', '671b0000-0000-0000-0000-010600000000');
INSERT INTO post_likes (post_id, user_id) VALUES ('68e4c90c-215d-a4a4-ccce-c38e00000000', '671b0000-0000-0000-0000-010400000000');
INSERT INTO post_comments (post_id, user_id, body, created_at) VALUES ('68e4c90c-215d-a4a4-ccce-c38e00000000', '671b0000-0000-0000-0000-010700000000', 'Loved this!', '2025-10-07 08:07:32.574');
INSERT INTO post_comments (post_id, user_id, body, created_at) VALUES ('68e4c90c-215d-a4a4-ccce-c38e00000000', '671b0000-0000-0000-0000-010200000000', 'Can you explain more?', '2025-10-07 08:07:32.574');
INSERT INTO post_comments (post_id, user_id, body, created_at) VALUES ('68e4c90c-215d-a4a4-ccce-c38e00000000', '671b0000-0000-0000-0000-010800000000', 'Loved this!', '2025-10-07 08:07:32.574');
INSERT INTO post_tags (post_id, tag) VALUES ('68e4c90c-215d-a4a4-ccce-c38e00000000', 'life');
INSERT INTO post_tags (post_id, tag) VALUES ('68e4c90c-215d-a4a4-ccce-c38e00000000', 'update');
INSERT INTO post_tags (post_id, tag) VALUES ('68e4c90c-215d-a4a4-ccce-c38e00000000', 'daily');
INSERT INTO posts (post_id, user_id, body, created_at) VALUES ('68e4c90c-215d-a4a4-ccce-c38f00000000', '671b0000-0000-0000-0000-010100000000', 'Post #68: A quick update from me.', '2025-10-07 08:02:20.986');
INSERT INTO post_comments (post_id, user_id, body, created_at) VALUES ('68e4c90c-215d-a4a4-ccce-c38f00000000', '671b0000-0000-0000-0000-010500000000', 'Interesting perspective.', '2025-10-07 08:07:32.576');
INSERT INTO post_comments (post_id, user_id, body, created_at) VALUES ('68e4c90c-215d-a4a4-ccce-c38f00000000', '671b0000-0000-0000-0000-010500000000', 'Can you explain more?', '2025-10-07 08:07:32.576');
INSERT INTO post_tags (post_id, tag) VALUES ('68e4c90c-215d-a4a4-ccce-c38f00000000', 'life');
INSERT INTO post_tags (post_id, tag) VALUES ('68e4c90c-215d-a4a4-ccce-c38f00000000', 'update');
INSERT INTO post_tags (post_id, tag) VALUES ('68e4c90c-215d-a4a4-ccce-c38f00000000', 'daily');
INSERT INTO posts (post_id, user_id, body, created_at) VALUES ('68e4c90c-215d-a4a4-ccce-c39000000000', '671b0000-0000-0000-0000-010600000000', 'Post #69: Working on a new research paper about dataset bias in AI training.', '2025-10-07 08:02:20.988');
INSERT INTO post_comments (post_id, user_id, body, created_at) VALUES ('68e4c90c-215d-a4a4-ccce-c39000000000', '671b0000-0000-0000-0000-010200000000', 'Interesting perspective.', '2025-10-07 08:07:32.578');
INSERT INTO post_comments (post_id, user_id, body, created_at) VALUES ('68e4c90c-215d-a4a4-ccce-c39000000000', '671b0000-0000-0000-0000-010700000000', 'Interesting perspective.', '2025-10-07 08:07:32.578');
INSERT INTO post_comments (post_id, user_id, body, created_at) VALUES ('68e4c90c-215d-a4a4-ccce-c39000000000', '671b0000-0000-0000-0000-010800000000', 'Can you explain more?', '2025-10-07 08:07:32.578');
INSERT INTO post_tags (post_id, tag) VALUES ('68e4c90c-215d-a4a4-ccce-c39000000000', 'life');
INSERT INTO post_tags (post_id, tag) VALUES ('68e4c90c-215d-a4a4-ccce-c39000000000', 'update');
INSERT INTO post_tags (post_id, tag) VALUES ('68e4c90c-215d-a4a4-ccce-c39000000000', 'daily');
INSERT INTO posts (post_id, user_id, body, created_at) VALUES ('68e4c90c-215d-a4a4-ccce-c39100000000', '671b0000-0000-0000-0000-010700000000', 'Post #70: A quick update from me.', '2025-10-07 08:02:20.989');
INSERT INTO post_likes (post_id, user_id) VALUES ('68e4c90c-215d-a4a4-ccce-c39100000000', '671b0000-0000-0000-0000-010500000000');
INSERT INTO post_comments (post_id, user_id, body, created_at) VALUES ('68e4c90c-215d-a4a4-ccce-c39100000000', '671b0000-0000-0000-0000-010300000000', 'Loved this!', '2025-10-07 08:07:32.579');
INSERT INTO post_comments (post_id, user_id, body, created_at) VALUES ('68e4c90c-215d-a4a4-ccce-c39100000000', '671b0000-0000-0000-0000-010800000000', 'Absolutely agree!', '2025-10-07 08:07:32.579');
INSERT INTO post_comments (post_id, user_id, body, created_at) VALUES ('68e4c90c-215d-a4a4-ccce-c39100000000', '671b0000-0000-0000-0000-010300000000', 'Great content!', '2025-10-07 08:07:32.579');
INSERT INTO post_tags (post_id, tag) VALUES ('68e4c90c-215d-a4a4-ccce-c39100000000', 'life');
INSERT INTO post_tags (post_id, tag) VALUES ('68e4c90c-215d-a4a4-ccce-c39100000000', 'update');
INSERT INTO post_tags (post_id, tag) VALUES ('68e4c90c-215d-a4a4-ccce-c39100000000', 'daily');
INSERT INTO posts (post_id, user_id, body, created_at) VALUES ('68e4c90c-215d-a4a4-ccce-c39200000000', '671b0000-0000-0000-0000-010500000000', 'Post #71: Check out my latest project.', '2025-10-07 08:02:20.991');
INSERT INTO post_comments (post_id, user_id, body, created_at) VALUES ('68e4c90c-215d-a4a4-ccce-c39200000000', '671b0000-0000-0000-0000-010400000000', 'Loved this!', '2025-10-07 08:07:32.580');
INSERT INTO post_comments (post_id, user_id, body, created_at) VALUES ('68e4c90c-215d-a4a4-ccce-c39200000000', '671b0000-0000-0000-0000-010800000000', 'Can you explain more?', '2025-10-07 08:07:32.580');
INSERT INTO post_tags (post_id, tag) VALUES ('68e4c90c-215d-a4a4-ccce-c39200000000', 'life');
INSERT INTO post_tags (post_id, tag) VALUES ('68e4c90c-215d-a4a4-ccce-c39200000000', 'update');
INSERT INTO post_tags (post_id, tag) VALUES ('68e4c90c-215d-a4a4-ccce-c39200000000', 'daily');
INSERT INTO posts (post_id, user_id, body, created_at) VALUES ('68e4c90c-215d-a4a4-ccce-c39300000000', '671b0000-0000-0000-0000-010800000000', 'Post #72: A quick update from me.', '2025-10-07 08:02:20.993');
INSERT INTO post_likes (post_id, user_id) VALUES ('68e4c90c-215d-a4a4-ccce-c39300000000', '671b0000-0000-0000-0000-010300000000');
INSERT INTO post_likes (post_id, user_id) VALUES ('68e4c90c-215d-a4a4-ccce-c39300000000', '671b0000-0000-0000-0000-010400000000');
INSERT INTO post_tags (post_id, tag) VALUES ('68e4c90c-215d-a4a4-ccce-c39300000000', 'life');
INSERT INTO post_tags (post_id, tag) VALUES ('68e4c90c-215d-a4a4-ccce-c39300000000', 'update');
INSERT INTO post_tags (post_id, tag) VALUES ('68e4c90c-215d-a4a4-ccce-c39300000000', 'daily');
INSERT INTO posts (post_id, user_id, body, created_at) VALUES ('68e4c90c-215d-a4a4-ccce-c39400000000', '671b0000-0000-0000-0000-010100000000', 'Post #73: Captured the sunrise from Triund Top. Nature heals!', '2025-10-07 08:02:20.995');
INSERT INTO post_likes (post_id, user_id) VALUES ('68e4c90c-215d-a4a4-ccce-c39400000000', '671b0000-0000-0000-0000-010100000000');
INSERT INTO post_likes (post_id, user_id) VALUES ('68e4c90c-215d-a4a4-ccce-c39400000000', '671b0000-0000-0000-0000-010600000000');
INSERT INTO post_comments (post_id, user_id, body, created_at) VALUES ('68e4c90c-215d-a4a4-ccce-c39400000000', '671b0000-0000-0000-0000-010400000000', 'Thanks for sharing.', '2025-10-07 08:07:32.584');
INSERT INTO post_comments (post_id, user_id, body, created_at) VALUES ('68e4c90c-215d-a4a4-ccce-c39400000000', '671b0000-0000-0000-0000-010400000000', 'Nice post!', '2025-10-07 08:07:32.584');
INSERT INTO post_tags (post_id, tag) VALUES ('68e4c90c-215d-a4a4-ccce-c39400000000', 'life');
INSERT INTO post_tags (post_id, tag) VALUES ('68e4c90c-215d-a4a4-ccce-c39400000000', 'update');
INSERT INTO post_tags (post_id, tag) VALUES ('68e4c90c-215d-a4a4-ccce-c39400000000', 'daily');
INSERT INTO posts (post_id, user_id, body, created_at) VALUES ('68e4c90c-215d-a4a4-ccce-c39500000000', '671b0000-0000-0000-0000-010800000000', 'Post #74: Just migrated from SQL to MongoDB and the flexibility is insane! 🚀', '2025-10-07 08:02:20.996');
INSERT INTO post_likes (post_id, user_id) VALUES ('68e4c90c-215d-a4a4-ccce-c39500000000', '671b0000-0000-0000-0000-010500000000');
INSERT INTO post_likes (post_id, user_id) VALUES ('68e4c90c-215d-a4a4-ccce-c39500000000', '671b0000-0000-0000-0000-010600000000');
INSERT INTO post_comments (post_id, user_id, body, created_at) VALUES ('68e4c90c-215d-a4a4-ccce-c39500000000', '671b0000-0000-0000-0000-010600000000', 'Absolutely agree!', '2025-10-07 08:07:32.586');
INSERT INTO post_comments (post_id, user_id, body, created_at) VALUES ('68e4c90c-215d-a4a4-ccce-c39500000000', '671b0000-0000-0000-0000-010300000000', 'Interesting perspective.', '2025-10-07 08:07:32.586');
INSERT INTO post_tags (post_id, tag) VALUES ('68e4c90c-215d-a4a4-ccce-c39500000000', 'life');
INSERT INTO post_tags (post_id, tag) VALUES ('68e4c90c-215d-a4a4-ccce-c39500000000', 'update');
INSERT INTO post_tags (post_id, tag) VALUES ('68e4c90c-215d-a4a4-ccce-c39500000000', 'daily');
INSERT INTO posts (post_id, user_id, body, created_at) VALUES ('68e4c90c-215d-a4a4-ccce-c39600000000', '671b0000-0000-0000-0000-010300000000', 'Post #75: Sharing my thoughts about tech.', '2025-10-07 08:02:20.998');
INSERT INTO post_likes (post_id, user_id) VALUES ('68e4c90c-215d-a4a4-ccce-c39600000000', '671b0000-0000-0000-0000-010600000000');
INSERT INTO post_likes (post_id, user_id) VALUES ('68e4c90c-215d-a4a4-ccce-c39600000000', '671b0000-0000-0000-0000-010700000000');
INSERT INTO post_likes (post_id, user_id) VALUES ('68e4c90c-215d-a4a4-ccce-c39600000000', '671b0000-0000-0000-0000-010400000000');
INSERT INTO post_comments (post_id, user_id, body, created_at) VALUES ('68e4c90c-215d-a4a4-ccce-c39600000000', '671b0000-0000-0000-0000-010700000000', 'This is helpful.', '2025-10-07 08:07:32.589');
INSERT INTO post_comments (post_id, user_id, body, created_at) VALUES ('68e4c90c-215d-a4a4-ccce-c39600000000', '671b0000-0000-0000-0000-010800000000', 'Absolutely agree!', '2025-10-07 08:07:32.589');
INSERT INTO post_tags (post_id, tag) VALUES ('68e4c90c-215d-a4a4-ccce-c39600000000', 'life');
INSERT INTO post_tags (post_id, tag) VALUES ('68e4c90c-215d-a4a4-ccce-c39600000000', 'update');
INSERT INTO post_tags (post_id, tag) VALUES ('68e4c90c-215d-a4a4-ccce-c39600000000', 'daily');
INSERT INTO posts (post_id, user_id, body, created_at) VALUES ('68e4c90c-215d-a4a4-ccce-c39700000000', '671b0000-0000-0000-0000-010800000000', 'Post #76: Shared a new guide on setting up CI/CD pipelines using AWS Lambda.', '2025-10-07 08:02:20.999');
INSERT INTO post_likes (post_id, user_id) VALUES ('68e4c90c-215d-a4a4-ccce-c39700000000', '671b0000-0000-0000-0000-010500000000');
INSERT INTO post_likes (post_id, user_id) VALUES ('68e4c90c-215d-a4a4-ccce-c39700000000', '671b0000-0000-0000-0000-010200000000');
INSERT INTO post_likes (post_id, user_id) VALUES ('68e4c90c-215d-a4a4-ccce-c39700000000', '671b0000-0000-0000-0000-010400000000');
INSERT INTO post_likes (post_id, user_id) VALUES ('68e4c90c-215d-a4a4-ccce-c39700000000', '671b0000-0000-0000-0000-010300000000');
INSERT INTO post_tags (post_id, tag) VALUES ('68e4c90c-215d-a4a4-ccce-c39700000000', 'life');
INSERT INTO post_tags (post_id, tag) VALUES ('68e4c90c-215d-a4a4-ccce-c39700000000', 'update');
INSERT INTO post_tags (post_id, tag) VALUES ('68e4c90c-215d-a4a4-ccce-c39700000000', 'daily');
INSERT INTO posts (post_id, user_id, body, created_at) VALUES ('68e4c90d-215d-a4a4-ccce-c39800000000', '671b0000-0000-0000-0000-010300000000', 'Post #77: Learning MongoDB today!', '2025-10-07 08:02:21.000');
INSERT INTO post_comments (post_id, user_id, body, created_at) VALUES ('68e4c90d-215d-a4a4-ccce-c39800000000', '671b0000-0000-0000-0000-010400000000', 'Loved this!', '2025-10-07 08:07:32.593');
INSERT INTO post_comments (post_id, user_id, body, created_at) VALUES ('68e4c90d-215d-a4a4-ccce-c39800000000', '671b0000-0000-0000-0000-010500000000', 'Nice post!', '2025-10-07 08:07:32.593');
INSERT INTO post_tags (post_id, tag) VALUES ('68e4c90d-215d-a4a4-ccce-c39800000000', 'life');
INSERT INTO post_tags (post_id, tag) VALUES ('68e4c90d-215d-a4a4-ccce-c39800000000', 'update');
INSERT INTO post_tags (post_id, tag) VALUES ('68e4c90d-215d-a4a4-ccce-c39800000000', 'daily');
INSERT INTO posts (post_id, user_id, body, created_at) VALUES ('68e4c90d-215d-a4a4-ccce-c39900000000', '671b0000-0000-0000-0000-010200000000', 'Post #78: Working on a new research paper about dataset bias in AI training.', '2025-10-07 08:02:21.002');
INSERT INTO post_likes (post_id, user_id) VALUES ('68e4c90d-215d-a4a4-ccce-c39900000000', '671b0000-0000-0000-0000-010700000000');
INSERT INTO post_likes (post_id, user_id) VALUES ('68e4c90d-215d-a4a4-ccce-c39900000000', '671b0000-0000-0000-0000-010300000000');
INSERT INTO post_likes (post_id, user_id) VALUES ('68e4c90d-215d-a4a4-ccce-c39900000000', '671b0000-0000-0000-0000-010100000000');
INSERT INTO post_comments (post_id, user_id, body, created_at) VALUES ('68e4c90d-215d-a4a4-ccce-c39900000000', '671b0000-0000-0000-0000-010600000000', 'Great content!', '2025-10-07 08:07:32.595');
INSERT INTO post_comments (post_id, user_id, body, created_at) VALUES ('68e4c90d-215d-a4a4-ccce-c39900000000', '671b0000-0000-0000-0000-010400000000', 'Thanks for sharing.', '2025-10-07 08:07:32.595');
INSERT INTO post_comments (post_id, user_id, body, created_at) VALUES ('68e4c90d-215d-a4a4-ccce-c39900000000', '671b0000-0000-0000-0000-010400000000', 'Nice post!', '2025-10-07 08:07:32.595');
INSERT INTO post_tags (post_id, tag) VALUES ('68e4c90d-215d-a4a4-ccce-c39900000000', 'life');
INSERT INTO post_tags (post_id, tag) VALUES ('68e4c90d-215d-a4a4-ccce-c39900000000', 'update');
INSERT INTO post_tags (post_id, tag) VALUES ('68e4c90d-215d-a4a4-ccce-c39900000000', 'daily');
INSERT INTO posts (post_id, user_id, body, created_at) VALUES ('68e4c90d-215d-a4a4-ccce-c39a00000000', '671b0000-0000-0000-0000-010100000000', 'Post #79: Simple ingredients, pure magic. Full recipe in comments!', '2025-10-07 08:02:21.003');
INSERT INTO post_comments (post_id, user_id, body, created_at) VALUES ('68e4c90d-215d-a4a4-ccce-c39a00000000', '671b0000-0000-0000-0000-010500000000', 'Nice post!', '2025-10-07 08:07:32.598');
INSERT INTO post_tags (post_id, tag) VALUES ('68e4c90d-215d-a4a4-ccce-c39a00000000', 'life');
INSERT INTO post_tags (post_id, tag) VALUES ('68e4c90d-215d-a4a4-ccce-c39a00000000', 'update');
INSERT INTO post_tags (post_id, tag) VALUES ('68e4c90d-215d-a4a4-ccce-c39a00000000', 'daily');
INSERT INTO posts (post_id, user_id, body, created_at) VALUES ('68e4c90d-215d-a4a4-ccce-c39b00000000', '671b0000-0000-0000-0000-010100000000', 'Post #80: A quick update from me.', '2025-10-07 08:02:21.005');
INSERT INTO post_likes (post_id, user_id) VALUES ('68e4c90d-215d-a4a4-ccce-c39b00000000', '671b0000-0000-0000-0000-010800000000');
INSERT INTO post_comments (post_id, user_id, body, created_at) VALUES ('68e4c90d-215d-a4a4-ccce-c39b00000000', '671b0000-0000-0000-0000-010700000000', 'Loved this!', '2025-10-07 08:07:32.601');
INSERT INTO post_tags (post_id, tag) VALUES ('68e4c90d-215d-a4a4-ccce-c39b00000000', 'life');
INSERT INTO post_tags (post_id, tag) VALUES ('68e4c90d-215d-a4a4-ccce-c39b00000000', 'update');
INSERT INTO post_tags (post_id, tag) VALUES ('68e4c90d-215d-a4a4-ccce-c39b00000000', 'daily');
INSERT INTO posts (post_id, user_id, body, created_at) VALUES ('68e4c90d-215d-a4a4-ccce-c39c00000000', '671b0000-0000-0000-0000-010600000000', 'Post #81: Tips and tricks for developers.', '2025-10-07 08:02:21.007');
INSERT INTO post_likes (post_id, user_id) VALUES ('68e4c90d-215d-a4a4-ccce-c39c00000000', '671b0000-0000-0000-0000-010400000000');
INSERT INTO post_comments (post_id, user_id, body, created_at) VALUES ('68e4c90d-215d-a4a4-ccce-c39c00000000', '671b0000-0000-0000-0000-010300000000', 'Absolutely agree!', '2025-10-07 08:07:32.603');
INSERT INTO post_comments (post_id, user_id, body, created_at) VALUES ('68e4c90d-215d-a4a4-ccce-c39c00000000', '671b0000-0000-0000-0000-010500000000', 'This is helpful.', '2025-10-07 08:07:32.603');
INSERT INTO post_tags (post_id, tag) VALUES ('68e4c90d-215d-a4a4-ccce-c39c00000000', 'life');
INSERT INTO post_tags (post_id, tag) VALUES ('68e4c90d-215d-a4a4-ccce-c39c00000000', 'update');
INSERT INTO post_tags (post_id, tag) VALUES ('68e4c90d-215d-a4a4-ccce-c39c00000000', 'daily');
INSERT INTO posts (post_id, user_id, body, created_at) VALUES ('68e4c90d-215d-a4a4-ccce-c39d00000000', '671b0000-0000-0000-0000-010300000000', 'Post #82: Learning MongoDB today!', '2025-10-07 08:02:21.009');
INSERT INTO post_likes (post_id, user_id) VALUES ('68e4c90d-215d-a4a4-ccce-c39d00000000', '671b0000-0000-0000-0000-010300000000');
INSERT INTO post_likes (post_id, user_id) VALUES ('68e4c90d-215d-a4a4-ccce-c39d00000000', '671b0000-0000-0000-0000-010700000000');
INSERT INTO post_likes (post_id, user_id) VALUES ('68e4c90d-215d-a4a4-ccce-c39d00000000', '671b0000-0000-0000-0000-010500000000');
INSERT INTO post_likes (post_id, user_id) VALUES ('68e4c90d-215d-a4a4-ccce-c39d00000000', '671b0000-0000-0000-0000-010200000000');
INSERT INTO post_comments (post_id, user_id, body, created_at) VALUES ('68e4c90d-215d-a4a4-ccce-c39d00000000', '671b0000-0000-0000-0000-010600000000', 'Great content!', '2025-10-07 08:07:32.605');
INSERT INTO post_comments (post_id, user_id, body, created_at) VALUES ('68e4c90d-215d-a4a4-ccce-c39d00000000', '671b0000-0000-0000-0000-010100000000', 'Interesting perspective.', '2025-10-07 08:07:32.605');
INSERT INTO post_comments (post_id, user_id, body, created_at) VALUES ('68e4c90d-215d-a4a4-ccce-c39d00000000', '671b0000-0000-0000-0000-010700000000', 'Loved this!', '2025-10-07 08:07:32.605');
INSERT INTO post_tags (post_id, tag) VALUES ('68e4c90d-215d-a4a4-ccce-c39d00000000', 'life');
INSERT INTO post_tags (post_id, tag) VALUES ('68e4c90d-215d-a4a4-ccce-c39d00000000', 'update');
INSERT INTO post_tags (post_id, tag) VALUES ('68e4c90d-215d-a4a4-ccce-c39d00000000', 'daily');
INSERT INTO posts (post_id, user_id, body, created_at) VALUES ('68e4c90d-215d-a4a4-ccce-c39e00000000', '671b0000-0000-0000-0000-010200000000', 'Post #83: Check out my latest project.', '2025-10-07 08:02:21.010');
INSERT INTO post_likes (post_id, user_id) VALUES ('68e4c90d-215d-a4a4-ccce-c39e00000000', '671b0000-0000-0000-0000-010300000000');
INSERT INTO post_likes (post_id, user_id) VALUES ('68e4c90d-215d-a4a4-ccce-c39e00000000', '671b0000-0000-0000-0000-010100000000');
INSERT INTO post_likes (post_id, user_id) VALUES ('68e4c90d-215d-a4a4-ccce-c39e00000000', '671b0000-0000-0000-0000-010500000000');
INSERT INTO post_likes (post_id, user_id) VALUES ('68e4c90d-215d-a4a4-ccce-c39e00000000', '671b0000-0000-0000-0000-010800000000');
INSERT INTO post_comments (post_id, user_id, body, created_at) VALUES ('68e4c90d-215d-a4a4-ccce-c39e00000000', '671b0000-0000-0000-0000-010200000000', 'This is helpful.', '2025-10-07 08:07:32.608');
INSERT INTO post_comments (post_id, user_id, body, created_at) VALUES ('68e4c90d-215d-a4a4-ccce-c39e00000000', '671b0000-0000-0000-0000-010500000000', 'This is helpful.', '2025-10-07 08:07:32.608');
INSERT INTO post_comments (post_id, user_id, body, created_at) VALUES ('68e4c90d-215d-a4a4-ccce-c39e00000000', '671b0000-0000-0000-0000-010100000000', 'Great content!', '2025-10-07 08:07:32.608');
INSERT INTO post_tags (post_id, tag) VALUES ('68e4c90d-215d-a4a4-ccce-c39e00000000', 'life');
INSERT INTO post_tags (post_id, tag) VALUES ('68e4c90d-215d-a4a4-ccce-c39e00000000', 'update');
INSERT INTO post_tags (post_id, tag) VALUES ('68e4c90d-215d-a4a4-ccce-c39e00000000', 'daily');
INSERT INTO posts (post_id, user_id, body, created_at) VALUES ('68e4c90d-215d-a4a4-ccce-c39f00000000', '671b0000-0000-0000-0000-010300000000', 'Post #84: Learning MongoDB today!', '2025-10-07 08:02:21.012');
INSERT INTO post_likes (post_id, user_id) VALUES ('68e4c90d-215d-a4a4-ccce-c39f00000000', '671b0000-0000-0000-0000-010600000000');
INSERT INTO post_likes (post_id, user_id) VALUES ('68e4c90d-215d-a4a4-ccce-c39f00000000', '671b0000-0000-0000-0000-010200000000');
INSERT INTO post_likes (post_id, user_id) VALUES ('68e4c90d-215d-a4a4-ccce-c39f00000000', '671b0000-0000-0000-0000-010300000000');
INSERT INTO post_comments (post_id, user_id, body, created_at) VALUES ('68e4c90d-215d-a4a4-ccce-c39f00000000', '671b0000-0000-0000-0000-010600000000', 'Absolutely agree!', '2025-10-07 08:07:32.610');
INSERT INTO post_tags (post_id, tag) VALUES ('68e4c90d-215d-a4a4-ccce-c39f00000000', 'life');
INSERT INTO post_tags (post_id, tag) VALUES ('68e4c90d-215d-a4a4-ccce-c39f00000000', 'update');
INSERT INTO post_tags (post_id, tag) VALUES ('68e4c90d-215d-a4a4-ccce-c39f00000000', 'daily');
INSERT INTO posts (post_id, user_id, body, created_at) VALUES ('68e4c90d-215d-a4a4-ccce-c3a000000000', '671b0000-0000-0000-0000-010400000000', 'Post #85: Working on a new research paper about dataset bias in AI training.', '2025-10-07 08:02:21.014');
INSERT INTO post_tags (post_id, tag) VALUES ('68e4c90d-215d-a4a4-ccce-c3a000000000', 'life');
INSERT INTO post_tags (post_id, tag) VALUES ('68e4c90d-215d-a4a4-ccce-c3a000000000', 'update');
INSERT INTO post_tags (post_id, tag) VALUES ('68e4c90d-215d-a4a4-ccce-c3a000000000', 'daily');
INSERT INTO posts (post_id, user_id, body, created_at) VALUES ('68e4c90d-215d-a4a4-ccce-c3a100000000', '671b0000-0000-0000-0000-010200000000', 'Post #86: Simple ingredients, pure magic. Full recipe in comments!', '2025-10-07 08:02:21.015');
INSERT INTO post_likes (post_id, user_id) VALUES ('68e4c90d-215d-a4a4-ccce-c3a100000000', '671b0000-0000-0000-0000-010400000000');
INSERT INTO post_likes (post_id, user_id) VALUES ('68e4c90d-215d-a4a4-ccce-c3a100000000', '671b0000-0000-0000-0000-010500000000');
INSERT INTO post_likes (post_id, user_id) VALUES ('68e4c90d-215d-a4a4-ccce-c3a100000000', '671b0000-0000-0000-0000-010200000000');
INSERT INTO post_likes (post_id, user_id) VALUES ('68e4c90d-215d-a4a4-ccce-c3a100000000', '671b0000-0000-0000-0000-010800000000');
INSERT INTO post_comments (post_id, user_id, body, created_at) VALUES ('68e4c90d-215d-a4a4-ccce-c3a100000000', '671b0000-0000-0000-0000-010200000000', 'Nice post!', '2025-10-07 08:07:32.615');
INSERT INTO post_comments (post_id, user_id, body, created_at) VALUES ('68e4c90d-215d-a4a4-ccce-c3a100000000', '671b0000-0000-0000-0000-010800000000', 'Interesting perspective.', '2025-10-07 08:07:32.615');
INSERT INTO post_tags (post_id, tag) VALUES ('68e4c90d-215d-a4a4-ccce-c3a100000000', 'life');
INSERT INTO post_tags (post_id, tag) VALUES ('68e4c90d-215d-a4a4-ccce-c3a100000000', 'update');
INSERT INTO post_tags (post_id, tag) VALUES ('68e4c90d-215d-a4a4-ccce-c3a100000000', 'daily');
INSERT INTO posts (post_id, user_id, body, created_at) VALUES ('68e4c90d-215d-a4a4-ccce-c3a200000000', '671b0000-0000-0000-0000-010200000000', 'Post #87: Reflecting on daily life.', '2025-10-07 08:02:21.016');
INSERT INTO post_likes (post_id, user_id) VALUES ('68e4c90d-215d-a4a4-ccce-c3a200000000', '671b0000-0000-0000-0000-010200000000');
INSERT INTO post_comments (post_id, user_id, body, created_at) VALUES ('68e4c90d-215d-a4a4-ccce-c3a200000000', '671b0000-0000-0000-0000-010200000000', 'Thanks for sharing.', '2025-10-07 08:07:32.618');
INSERT INTO post_comments (post_id, user_id, body, created_at) VALUES ('68e4c90d-215d-a4a4-ccce-c3a200000000', '671b0000-0000-0000-0000-010800000000', 'Nice post!', '2025-10-07 08:07:32.618');
INSERT INTO post_comments (post_id, user_id, body, created_at) VALUES ('68e4c90d-215d-a4a4-ccce-c3a200000000', '671b0000-0000-0000-0000-010400000000', 'Absolutely agree!', '2025-10-07 08:07:32.618');
INSERT INTO post_tags (post_id, tag) VALUES ('68e4c90d-215d-a4a4-ccce-c3a200000000', 'life');
INSERT INTO post_tags (post_id, tag) VALUES ('68e4c90d-215d-a4a4-ccce-c3a200000000', 'update');
INSERT INTO post_tags (post_id, tag) VALUES ('68e4c90d-215d-a4a4-ccce-c3a200000000', 'daily');
INSERT INTO posts (post_id, user_id, body, created_at) VALUES ('68e4c90d-215d-a4a4-ccce-c3a300000000', '671b0000-0000-0000-0000-010300000000', 'Post #88: Captured the sunrise from Triund Top. Nature heals!', '2025-10-07 08:02:21.017');
INSERT INTO post_likes (post_id, user_id) VALUES ('68e4c90d-215d-a4a4-ccce-c3a300000000', '671b0000-0000-0000-0000-010700000000');
INSERT INTO post_likes (post_id, user_id) VALUES ('68e4c90d-215d-a4a4-ccce-c3a300000000', '671b0000-0000-0000-0000-010400000000');
INSERT INTO post_comments (post_id, user_id, body, created_at) VALUES ('68e4c90d-215d-a4a4-ccce-c3a300000000', '671b0000-0000-0000-0000-010700000000', 'Thanks for sharing.', '2025-10-07 08:07:32.620');
INSERT INTO post_comments (post_id, user_id, body, created_at) VALUES ('68e4c90d-215d-a4a4-ccce-c3a300000000', '671b0000-0000-0000-0000-010400000000', 'Thanks for sharing.', '2025-10-07 08:07:32.620');
INSERT INTO post_comments (post_id, user_id, body, created_at) VALUES ('68e4c90d-215d-a4a4-ccce-c3a300000000', '671b0000-0000-0000-0000-010500000000', 'Thanks for sharing.', '2025-10-07 08:07:32.620');
INSERT INTO post_tags (post_id, tag) VALUES ('68e4c90d-215d-a4a4-ccce-c3a300000000', 'life');
INSERT INTO post_tags (post_id, tag) VALUES ('68e4c90d-215d-a4a4-ccce-c3a300000000', 'update');
INSERT INTO post_tags (post_id, tag) VALUES ('68e4c90d-215d-a4a4-ccce-c3a300000000', 'daily');
INSERT INTO posts (post_id, user_id, body, created_at) VALUES ('68e4c90d-215d-a4a4-ccce-c3a400000000', '671b0000-0000-0000-0000-010600000000', 'Post #89: Shared a new guide on setting up CI/CD pipelines using AWS Lambda.', '2025-10-07 08:02:21.019');
INSERT INTO post_likes (post_id, user_id) VALUES ('68e4c90d-215d-a4a4-ccce-c3a400000000', '671b0000-0000-0000-0000-010100000000');
INSERT INTO post_likes (post_id, user_id) VALUES ('68e4c90d-215d-a4a4-ccce-c3a400000000', '671b0000-0000-0000-0000-010600000000');
INSERT INTO post_likes (post_id, user_id) VALUES ('68e4c90d-215d-a4a4-ccce-c3a400000000', '671b0000-0000-0000-0000-010500000000');
INSERT INTO post_likes (post_id, user_id) VALUES ('68e4c90d-215d-a4a4-ccce-c3a400000000', '671b0000-0000-0000-0000-010200000000');
INSERT INTO post_tags (post_id, tag) VALUES ('68e4c90d-215d-a4a4-ccce-c3a400000000', 'life');
INSERT INTO post_tags (post_id, tag) VALUES ('68e4c90d-215d-a4a4-ccce-c3a400000000', 'update');
INSERT INTO post_tags (post_id, tag) VALUES ('68e4c90d-215d-a4a4-ccce-c3a400000000', 'daily');
INSERT INTO posts (post_id, user_id, body, created_at) VALUES ('68e4c90d-215d-a4a4-ccce-c3a500000000', '671b0000-0000-0000-0000-010200000000', 'Post #90: A quick update from me.', '2025-10-07 08:02:21.020');
INSERT INTO post_tags (post_id, tag) VALUES ('68e4c90d-215d-a4a4-ccce-c3a500000000', 'life');
INSERT INTO post_tags (post_id, tag) VALUES ('68e4c90d-215d-a4a4-ccce-c3a500000000', 'update');
INSERT INTO post_tags (post_id, tag) VALUES ('68e4c90d-215d-a4a4-ccce-c3a500000000', 'daily');
INSERT INTO posts (post_id, user_id, body, created_at) VALUES ('68e4c90d-215d-a4a4-ccce-c3a600000000', '671b0000-0000-0000-0000-010600000000', 'Post #91: Sharing my thoughts about tech.', '2025-10-07 08:02:21.021');
INSERT INTO post_likes (post_id, user_id) VALUES ('68e4c90d-215d-a4a4-ccce-c3a600000000', '671b0000-0000-0000-0000-010100000000');
INSERT INTO post_likes (post_id, user_id) VALUES ('68e4c90d-215d-a4a4-ccce-c3a600000000', '671b0000-0000-0000-0000-010700000000');
INSERT INTO post_likes (post_id, user_id) VALUES ('68e4c90d-215d-a4a4-ccce-c3a600000000', '671b0000-0000-0000-0000-010200000000');
INSERT INTO post_comments (post_id, user_id, body, created_at) VALUES ('68e4c90d-215d-a4a4-ccce-c3a600000000', '671b0000-0000-0000-0000-010700000000', 'Can you explain more?', '2025-10-07 08:07:32.627');
INSERT INTO post_comments (post_id, user_id, body, created_at) VALUES ('68e4c90d-215d-a4a4-ccce-c3a600000000', '671b0000-0000-0000-0000-010200000000', 'Great content!', '2025-10-07 08:07:32.627');
INSERT INTO post_comments (post_id, user_id, body, created_at) VALUES ('68e4c90d-215d-a4a4-ccce-c3a600000000', '671b0000-0000-0000-0000-010800000000', 'Absolutely agree!', '2025-10-07 08:07:32.627');
INSERT INTO post_tags (post_id, tag) VALUES ('68e4c90d-215d-a4a4-ccce-c3a600000000', 'life');
INSERT INTO post_tags (post_id, tag) VALUES ('68e4c90d-215d-a4a4-ccce-c3a600000000', 'update');
INSERT INTO post_tags (post_id, tag) VALUES ('68e4c90d-215d-a4a4-ccce-c3a600000000', 'daily');
INSERT INTO posts (post_id, user_id, body, created_at) VALUES ('68e4c90d-215d-a4a4-ccce-c3a700000000', '671b0000-0000-0000-0000-010200000000', 'Post #92: Check out my latest project.', '2025-10-07 08:02:21.023');
INSERT INTO post_likes (post_id, user_id) VALUES ('68e4c90d-215d-a4a4-ccce-c3a700000000', '671b0000-0000-0000-0000-010200000000');
INSERT INTO post_comments (post_id, user_id, body, created_at) VALUES ('68e4c90d-215d-a4a4-ccce-c3a700000000', '671b0000-0000-0000-0000-010700000000', 'Interesting perspective.', '2025-10-07 08:07:32.630');
INSERT INTO post_tags (post_id, tag) VALUES ('68e4c90d-215d-a4a4-ccce-c3a700000000', 'life');
INSERT INTO post_tags (post_id, tag) VALUES ('68e4c90d-215d-a4a4-ccce-c3a700000000', 'update');
INSERT INTO post_tags (post_id, tag) VALUES ('68e4c90d-215d-a4a4-ccce-c3a700000000', 'daily');
INSERT INTO posts (post_id, user_id, body, created_at) VALUES ('68e4c90d-215d-a4a4-ccce-c3a800000000', '671b0000-0000-0000-0000-010800000000', 'Post #93: Spent the day shooting content at 3 underrated cafes. New vlog soon!', '2025-10-07 08:02:21.024');
INSERT INTO post_likes (post_id, user_id) VALUES ('68e4c90d-215d-a4a4-ccce-c3a800000000', '671b0000-0000-0000-0000-010100000000');
INSERT INTO post_likes (post_id, user_id) VALUES ('68e4c90d-215d-a4a4-ccce-c3a800000000', '671b0000-0000-0000-0000-010200000000');
INSERT INTO post_likes (post_id, user_id) VALUES ('68e4c90d-215d-a4a4-ccce-c3a800000000', '671b0000-0000-0000-0000-010400000000');
INSERT INTO post_comments (post_id, user_id, body, created_at) VALUES ('68e4c90d-215d-a4a4-ccce-c3a800000000', '671b0000-0000-0000-0000-010200000000', 'Absolutely agree!', '2025-10-07 08:07:32.632');
INSERT INTO post_comments (post_id, user_id, body, created_at) VALUES ('68e4c90d-215d-a4a4-ccce-c3a800000000', '671b0000-0000-0000-0000-010600000000', 'Loved this!', '2025-10-07 08:07:32.632');
INSERT INTO post_comments (post_id, user_id, body, created_at) VALUES ('68e4c90d-215d-a4a4-ccce-c3a800000000', '671b0000-0000-0000-0000-010200000000', 'Interesting perspective.', '2025-10-07 08:07:32.632');
INSERT INTO post_tags (post_id, tag) VALUES ('68e4c90d-215d-a4a4-ccce-c3a800000000', 'life');
INSERT INTO post_tags (post_id, tag) VALUES ('68e4c90d-215d-a4a4-ccce-c3a800000000', 'update');
INSERT INTO post_tags (post_id, tag) VALUES ('68e4c90d-215d-a4a4-ccce-c3a800000000', 'daily');
INSERT INTO posts (post_id, user_id, body, created_at) VALUES ('68e4c90d-215d-a4a4-ccce-c3a900000000', '671b0000-0000-0000-0000-010200000000', 'Post #94: Shared a new guide on setting up CI/CD pipelines using AWS Lambda.', '2025-10-07 08:02:21.026');
INSERT INTO post_likes (post_id, user_id) VALUES ('68e4c90d-215d-a4a4-ccce-c3a900000000', '671b0000-0000-0000-0000-010600000000');
INSERT INTO post_likes (post_id, user_id) VALUES ('68e4c90d-215d-a4a4-ccce-c3a900000000', '671b0000-0000-0000-0000-010800000000');
INSERT INTO post_likes (post_id, user_id) VALUES ('68e4c90d-215d-a4a4-ccce-c3a900000000', '671b0000-0000-0000-0000-010100000000');
INSERT INTO post_comments (post_id, user_id, body, created_at) VALUES ('68e4c90d-215d-a4a4-ccce-c3a900000000', '671b0000-0000-0000-0000-010600000000', 'This is helpful.', '2025-10-07 08:07:32.635');
INSERT INTO post_comments (post_id, user_id, body, created_at) VALUES ('68e4c90d-215d-a4a4-ccce-c3a900000000', '671b0000-0000-0000-0000-010800000000', 'This is helpful.', '2025-10-07 08:07:32.635');
INSERT INTO post_comments (post_id, user_id, body, created_at) VALUES ('68e4c90d-215d-a4a4-ccce-c3a900000000', '671b0000-0000-0000-0000-010600000000', 'This is helpful.', '2025-10-07 08:07:32.635');
INSERT INTO post_tags (post_id, tag) VALUES ('68e4c90d-215d-a4a4-ccce-c3a900000000', 'life');
INSERT INTO post_tags (post_id, tag) VALUES ('68e4c90d-215d-a4a4-ccce-c3a900000000', 'update');
INSERT INTO post_tags (post_id, tag) VALUES ('68e4c90d-215d-a4a4-ccce-c3a900000000', 'daily');
INSERT INTO posts (post_id, user_id, body, created_at) VALUES ('68e4c90d-215d-a4a4-ccce-c3aa00000000', '671b0000-0000-0000-0000-010600000000', 'Post #95: Learning MongoDB today!', '2025-10-07 08:02:21.028');
INSERT INTO post_likes (post_id, user_id) VALUES ('68e4c90d-215d-a4a4-ccce-c3aa00000000', '671b0000-0000-0000-0000-010300000000');
INSERT INTO post_likes (post_id, user_id) VALUES ('68e4c90d-215d-a4a4-ccce-c3aa00000000', '671b0000-0000-0000-0000-010400000000');
INSERT INTO post_likes (post_id, user_id) VALUES ('68e4c90d-215d-a4a4-ccce-c3aa00000000', '671b0000-0000-0000-0000-010500000000');
INSERT INTO post_likes (post_id, user_id) VALUES ('68e4c90d-215d-a4a4-ccce-c3aa00000000', '671b0000-0000-0000-0000-010200000000');
INSERT INTO post_comments (post_id, user_id, body, created_at) VALUES ('68e4c90d-215d-a4a4-ccce-c3aa00000000', '671b0000-0000-0000-0000-010800000000', 'Loved this!', '2025-10-07 08:07:32.637');
INSERT INTO post_comments (post_id, user_id, body, created_at) VALUES ('68e4c90d-215d-a4a4-ccce-c3aa00000000', '671b0000-0000-0000-0000-010700000000', 'Great content!', '2025-10-07 08:07:32.637');
INSERT INTO post_comments (post_id, user_id, body, created_at) VALUES ('68e4c90d-215d-a4a4-ccce-c3aa00000000', '671b0000-0000-0000-0000-010700000000', 'Loved this!', '2025-10-07 08:07:32.638');
INSERT INTO post_tags (post_id, tag) VALUES ('68e4c90d-215d-a4a4-ccce-c3aa00000000', 'life');
INSERT INTO post_tags (post_id, tag) VALUES ('68e4c90d-215d-a4a4-ccce-c3aa00000000', 'update');
INSERT INTO post_tags (post_id, tag) VALUES ('68e4c90d-215d-a4a4-ccce-c3aa00000000', 'daily');
INSERT INTO posts (post_id, user_id, body, created_at) VALUES ('68e4c90d-215d-a4a4-ccce-c3ab00000000', '671b0000-0000-0000-0000-010300000000', 'Post #96: Tips and tricks for developers.', '2025-10-07 08:02:21.029');
INSERT INTO post_likes (post_id, user_id) VALUES ('68e4c90d-215d-a4a4-ccce-c3ab00000000', '671b0000-0000-0000-0000-010500000000');
INSERT INTO post_likes (post_id, user_id) VALUES ('68e4c90d-215d-a4a4-ccce-c3ab00000000', '671b0000-0000-0000-0000-010100000000');
INSERT INTO post_comments (post_id, user_id, body, created_at) VALUES ('68e4c90d-215d-a4a4-ccce-c3ab00000000', '671b0000-0000-0000-0000-010500000000', 'Great content!', '2025-10-07 08:07:32.640');
INSERT INTO post_comments (post_id, user_id, body, created_at) VALUES ('68e4c90d-215d-a4a4-ccce-c3ab00000000', '671b0000-0000-0000-0000-010100000000', 'Absolutely agree!', '2025-10-07 08:07:32.640');
INSERT INTO post_tags (post_id, tag) VALUES ('68e4c90d-215d-a4a4-ccce-c3ab00000000', 'life');
INSERT INTO post_tags (post_id, tag) VALUES ('68e4c90d-215d-a4a4-ccce-c3ab00000000', 'update');
INSERT INTO post_tags (post_id, tag) VALUES ('68e4c90d-215d-a4a4-ccce-c3ab00000000', 'daily');
INSERT INTO posts (post_id, user_id, body, created_at) VALUES ('68e4c90d-215d-a4a4-ccce-c3ac00000000', '671b0000-0000-0000-0000-010200000000', 'Post #97: Learning MongoDB today!', '2025-10-07 08:02:21.030');
INSERT INTO post_likes (post_id, user_id) VALUES ('68e4c90d-215d-a4a4-ccce-c3ac00000000', '671b0000-0000-0000-0000-010300000000');
INSERT INTO post_likes (post_id, user_id) VALUES ('68e4c90d-215d-a4a4-ccce-c3ac00000000', '671b0000-0000-0000-0000-010400000000');
INSERT INTO post_comments (post_id, user_id, body, created_at) VALUES ('68e4c90d-215d-a4a4-ccce-c3ac00000000', '671b0000-0000-0000-0000-010700000000', 'Loved this!', '2025-10-07 08:07:32.642');
INSERT INTO post_tags (post_id, tag) VALUES ('68e4c90d-215d-a4a4-ccce-c3ac00000000', 'life');
INSERT INTO post_tags (post_id, tag) VALUES ('68e4c90d-215d-a4a4-ccce-c3ac00000000', 'update');
INSERT INTO post_tags (post_id, tag) VALUES ('68e4c90d-215d-a4a4-ccce-c3ac00000000', 'daily');
INSERT INTO posts (post_id, user_id, body, created_at) VALUES ('68e4c90d-215d-a4a4-ccce-c3ad00000000', '671b0000-0000-0000-0000-010300000000', 'Post #98: Just migrated from SQL to MongoDB and the flexibility is insane! 🚀', '2025-10-07 08:02:21.031');
INSERT INTO post_likes (post_id, user_id) VALUES ('68e4c90d-215d-a4a4-ccce-c3ad00000000', '671b0000-0000-0000-0000-010500000000');
INSERT INTO post_likes (post_id, user_id) VALUES ('68e4c90d-215d-a4a4-ccce-c3ad00000000', '671b0000-0000-0000-0000-010700000000');
INSERT INTO post_comments (post_id, user_id, body, created_at) VALUES ('68e4c90d-215d-a4a4-ccce-c3ad00000000', '671b0000-0000-0000-0000-010500000000', 'Loved this!', '2025-10-07 08:07:32.644');
INSERT INTO post_comments (post_id, user_id, body, created_at) VALUES ('68e4c90d-215d-a4a4-ccce-c3ad00000000', '671b0000-0000-0000-0000-010300000000', 'Thanks for sharing.', '2025-10-07 08:07:32.644');
INSERT INTO post_comments (post_id, user_id, body, created_at) VALUES ('68e4c90d-215d-a4a4-ccce-c3ad00000000', '671b0000-0000-0000-0000-010300000000', 'This is helpful.', '2025-10-07 08:07:32.644');
INSERT INTO post_tags (post_id, tag) VALUES ('68e4c90d-215d-a4a4-ccce-c3ad00000000', 'life');
INSERT INTO post_tags (post_id, tag) VALUES ('68e4c90d-215d-a4a4-ccce-c3ad00000000', 'update');
INSERT INTO post_tags (post_id, tag) VALUES ('68e4c90d-215d-a4a4-ccce-c3ad00000000', 'daily');
INSERT INTO posts (post_id, user_id, body, created_at) VALUES ('68e4c90d-215d-a4a4-ccce-c3ae00000000', '671b0000-0000-0000-0000-010300000000', 'Post #99: Captured the sunrise from Triund Top. Nature heals!', '2025-10-07 08:02:21.033');
INSERT INTO post_likes (post_id, user_id) VALUES ('68e4c90d-215d-a4a4-ccce-c3ae00000000', '671b0000-0000-0000-0000-010500000000');
INSERT INTO post_likes (post_id, user_id) VALUES ('68e4c90d-215d-a4a4-ccce-c3ae00000000', '671b0000-0000-0000-0000-010100000000');
INSERT INTO post_likes (post_id, user_id) VALUES ('68e4c90d-215d-a4a4-ccce-c3ae00000000', '671b0000-0000-0000-0000-010800000000');
INSERT INTO post_likes (post_id, user_id) VALUES ('68e4c90d-215d-a4a4-ccce-c3ae00000000', '671b0000-0000-0000-0000-010700000000');
INSERT INTO post_tags (post_id, tag) VALUES ('68e4c90d-215d-a4a4-ccce-c3ae00000000', 'life');
INSERT INTO post_tags (post_id, tag) VALUES ('68e4c90d-215d-a4a4-ccce-c3ae00000000', 'update');
INSERT INTO post_tags (post_id, tag) VALUES ('68e4c90d-215d-a4a4-ccce-c3ae00000000', 'daily');
INSERT INTO posts (post_id, user_id, body, created_at) VALUES ('68e4c90d-215d-a4a4-ccce-c3af00000000', '671b0000-0000-0000-0000-010500000000', 'Post #100: Reflecting on daily life.', '2025-10-07 08:02:21.034');
INSERT INTO post_likes (post_id, user_id) VALUES ('68e4c90d-215d-a4a4-ccce-c3af00000000', '671b0000-0000-0000-0000-010700000000');
INSERT INTO post_likes (post_id, user_id) VALUES ('68e4c90d-215d-a4a4-ccce-c3af00000000', '671b0000-0000-0000-0000-010400000000');
INSERT INTO post_comments (post_id, user_id, body, created_at) VALUES ('68e4c90d-215d-a4a4-ccce-c3af00000000', '671b0000-0000-0000-0000-010300000000', 'Interesting perspective.', '2025-10-07 08:07:32.652');
INSERT INTO post_tags (post_id, tag) VALUES ('68e4c90d-215d-a4a4-ccce-c3af00000000', 'life');
INSERT INTO post_tags (post_id, tag) VALUES ('68e4c90d-215d-a4a4-ccce-c3af00000000', 'update');
INSERT INTO post_tags (post_id, tag) VALUES ('68e4c90d-215d-a4a4-ccce-c3af00000000', 'daily');
INSERT INTO posts (post_id, user_id, body, created_at) VALUES ('68e4c90d-215d-a4a4-ccce-c3b000000000', '671b0000-0000-0000-0000-010100000000', 'Post #101: A quick update from me.', '2025-10-07 08:02:21.035');
INSERT INTO post_comments (post_id, user_id, body, created_at) VALUES ('68e4c90d-215d-a4a4-ccce-c3b000000000', '671b0000-0000-0000-0000-010600000000', 'Interesting perspective.', '2025-10-07 08:07:32.655');
INSERT INTO post_comments (post_id, user_id, body, created_at) VALUES ('68e4c90d-215d-a4a4-ccce-c3b000000000', '671b0000-0000-0000-0000-010700000000', 'Nice post!', '2025-10-07 08:07:32.655');
INSERT INTO post_tags (post_id, tag) VALUES ('68e4c90d-215d-a4a4-ccce-c3b000000000', 'life');
INSERT INTO post_tags (post_id, tag) VALUES ('68e4c90d-215d-a4a4-ccce-c3b000000000', 'update');
INSERT INTO post_tags (post_id, tag) VALUES ('68e4c90d-215d-a4a4-ccce-c3b000000000', 'daily');
INSERT INTO posts (post_id, user_id, body, created_at) VALUES ('68e4c90d-215d-a4a4-ccce-c3b100000000', '671b0000-0000-0000-0000-010300000000', 'Post #102: Shared a new guide on setting up CI/CD pipelines using AWS Lambda.', '2025-10-07 08:02:21.036');
INSERT INTO post_likes (post_id, user_id) VALUES ('68e4c90d-215d-a4a4-ccce-c3b100000000', '671b0000-0000-0000-0000-010300000000');
INSERT INTO post_likes (post_id, user_id) VALUES ('68e4c90d-215d-a4a4-ccce-c3b100000000', '671b0000-0000-0000-0000-010800000000');
INSERT INTO post_likes (post_id, user_id) VALUES ('68e4c90d-215d-a4a4-ccce-c3b100000000', '671b0000-0000-0000-0000-010100000000');
INSERT INTO post_tags (post_id, tag) VALUES ('68e4c90d-215d-a4a4-ccce-c3b100000000', 'life');
INSERT INTO post_tags (post_id, tag) VALUES ('68e4c90d-215d-a4a4-ccce-c3b100000000', 'update');
INSERT INTO post_tags (post_id, tag) VALUES ('68e4c90d-215d-a4a4-ccce-c3b100000000', 'daily');
INSERT INTO posts (post_id, user_id, body, created_at) VALUES ('68e4c90d-215d-a4a4-ccce-c3b200000000', '671b0000-0000-0000-0000-010100000000', 'Post #103: Working on a new research paper about dataset bias in AI training.', '2025-10-07 08:02:21.038');
INSERT INTO post_tags (post_id, tag) VALUES ('68e4c90d-215d-a4a4-ccce-c3b200000000', 'life');
INSERT INTO post_tags (post_id, tag) VALUES ('68e4c90d-215d-a4a4-ccce-c3b200000000', 'update');
INSERT INTO post_tags (post_id, tag) VALUES ('68e4c90d-215d-a4a4-ccce-c3b200000000', 'daily');
INSERT INTO posts (post_id, user_id, body, created_at) VALUES ('68e4c90d-215d-a4a4-ccce-c3b300000000', '671b0000-0000-0000-0000-010300000000', 'Post #104: Learning MongoDB today!', '2025-10-07 08:02:21.041');
INSERT INTO post_likes (post_id, user_id) VALUES ('68e4c90d-215d-a4a4-ccce-c3b300000000', '671b0000-0000-0000-0000-010700000000');
INSERT INTO post_likes (post_id, user_id) VALUES ('68e4c90d-215d-a4a4-ccce-c3b300000000', '671b0000-0000-0000-0000-010600000000');
INSERT INTO post_tags (post_id, tag) VALUES ('68e4c90d-215d-a4a4-ccce-c3b300000000', 'life');
INSERT INTO post_tags (post_id, tag) VALUES ('68e4c90d-215d-a4a4-ccce-c3b300000000', 'update');
INSERT INTO post_tags (post_id, tag) VALUES ('68e4c90d-215d-a4a4-ccce-c3b300000000', 'daily');
INSERT INTO posts (post_id, user_id, body, created_at) VALUES ('68e4c90d-215d-a4a4-ccce-c3b400000000', '671b0000-0000-0000-0000-010200000000', 'Post #105: Sharing my thoughts about tech.', '2025-10-07 08:02:21.043');
INSERT INTO post_likes (post_id, user_id) VALUES ('68e4c90d-215d-a4a4-ccce-c3b400000000', '671b0000-0000-0000-0000-010100000000');
INSERT INTO post_likes (post_id, user_id) VALUES ('68e4c90d-215d-a4a4-ccce-c3b400000000', '671b0000-0000-0000-0000-010300000000');
INSERT INTO post_likes (post_id, user_id) VALUES ('68e4c90d-215d-a4a4-ccce-c3b400000000', '671b0000-0000-0000-0000-010500000000');
INSERT INTO post_likes (post_id, user_id) VALUES ('68e4c90d-215d-a4a4-ccce-c3b400000000', '671b0000-0000-0000-0000-010600000000');
INSERT INTO post_comments (post_id, user_id, body, created_at) VALUES ('68e4c90d-215d-a4a4-ccce-c3b400000000', '671b0000-0000-0000-0000-010500000000', 'This is helpful.', '2025-10-07 08:07:32.664');
INSERT INTO post_comments (post_id, user_id, body, created_at) VALUES ('68e4c90d-215d-a4a4-ccce-c3b400000000', '671b0000-0000-0000-0000-010700000000', 'Thanks for sharing.', '2025-10-07 08:07:32.664');
INSERT INTO post_comments (post_id, user_id, body, created_at) VALUES ('68e4c90d-215d-a4a4-ccce-c3b400000000', '671b0000-0000-0000-0000-010700000000', 'Thanks for sharing.', '2025-10-07 08:07:32.664');
INSERT INTO post_tags (post_id, tag) VALUES ('68e4c90d-215d-a4a4-ccce-c3b400000000', 'life');
INSERT INTO post_tags (post_id, tag) VALUES ('68e4c90d-215d-a4a4-ccce-c3b400000000', 'update');
INSERT INTO post_tags (post_id, tag) VALUES ('68e4c90d-215d-a4a4-ccce-c3b400000000', 'daily');
INSERT INTO posts (post_id, user_id, body, created_at) VALUES ('68e4c90d-215d-a4a4-ccce-c3b500000000', '671b0000-0000-0000-0000-010200000000', 'Post #106: Simple ingredients, pure magic. Full recipe in comments!', '2025-10-07 08:02:21.044');
INSERT INTO post_likes (post_id, user_id) VALUES ('68e4c90d-215d-a4a4-ccce-c3b500000000', '671b0000-0000-0000-0000-010400000000');
INSERT INTO post_likes (post_id, user_id) VALUES ('68e4c90d-215d-a4a4-ccce-c3b500000000', '671b0000-0000-0000-0000-010200000000');
INSERT INTO post_comments (post_id, user_id, body, created_at) VALUES ('68e4c90d-215d-a4a4-ccce-c3b500000000', '671b0000-0000-0000-0000-010300000000', 'Interesting perspective.', '2025-10-07 08:07:32.667');
INSERT INTO post_comments (post_id, user_id, body, created_at) VALUES ('68e4c90d-215d-a4a4-ccce-c3b500000000', '671b0000-0000-0000-0000-010600000000', 'Thanks for sharing.', '2025-10-07 08:07:32.667');
INSERT INTO post_comments (post_id, user_id, body, created_at) VALUES ('68e4c90d-215d-a4a4-ccce-c3b500000000', '671b0000-0000-0000-0000-010800000000', 'Great content!', '2025-10-07 08:07:32.667');
INSERT INTO post_tags (post_id, tag) VALUES ('68e4c90d-215d-a4a4-ccce-c3b500000000', 'life');
INSERT INTO post_tags (post_id, tag) VALUES ('68e4c90d-215d-a4a4-ccce-c3b500000000', 'update');
INSERT INTO post_tags (post_id, tag) VALUES ('68e4c90d-215d-a4a4-ccce-c3b500000000', 'daily');
INSERT INTO posts (post_id, user_id, body, created_at) VALUES ('68e4c90d-215d-a4a4-ccce-c3b600000000', '671b0000-0000-0000-0000-010300000000', 'Post #107: Reflecting on daily life.', '2025-10-07 08:02:21.046');
INSERT INTO post_likes (post_id, user_id) VALUES ('68e4c90d-215d-a4a4-ccce-c3b600000000', '671b0000-0000-0000-0000-010400000000');
INSERT INTO post_likes (post_id, user_id) VALUES ('68e4c90d-215d-a4a4-ccce-c3b600000000', '671b0000-0000-0000-0000-010200000000');
INSERT INTO post_likes (post_id, user_id) VALUES ('68e4c90d-215d-a4a4-ccce-c3b600000000', '671b0000-0000-0000-0000-010100000000');
INSERT INTO post_comments (post_id, user_id, body, created_at) VALUES ('68e4c90d-215d-a4a4-ccce-c3b600000000', '671b0000-0000-0000-0000-010300000000', 'This is helpful.', '2025-10-07 08:07:32.669');
INSERT INTO post_comments (post_id, user_id, body, created_at) VALUES ('68e4c90d-215d-a4a4-ccce-c3b600000000', '671b0000-0000-0000-0000-010100000000', 'Thanks for sharing.', '2025-10-07 08:07:32.669');
INSERT INTO post_tags (post_id, tag) VALUES ('68e4c90d-215d-a4a4-ccce-c3b600000000', 'life');
INSERT INTO post_tags (post_id, tag) VALUES ('68e4c90d-215d-a4a4-ccce-c3b600000000', 'update');
INSERT INTO post_tags (post_id, tag) VALUES ('68e4c90d-215d-a4a4-ccce-c3b600000000', 'daily');
INSERT INTO posts (post_id, user_id, body, created_at) VALUES ('68e4c90d-215d-a4a4-ccce-c3b700000000', '671b0000-0000-0000-0000-010400000000', 'Post #108: Simple ingredients, pure magic. Full recipe in comments!', '2025-10-07 08:02:21.048');
INSERT INTO post_comments (post_id, user_id, body, created_at) VALUES ('68e4c90d-215d-a4a4-ccce-c3b700000000', '671b0000-0000-0000-0000-010700000000', 'Nice post!', '2025-10-07 08:07:32.671');
INSERT INTO post_comments (post_id, user_id, body, created_at) VALUES ('68e4c90d-215d-a4a4-ccce-c3b700000000', '671b0000-0000-0000-0000-010400000000', 'Thanks for sharing.', '2025-10-07 08:07:32.671');
INSERT INTO post_comments (post_id, user_id, body, created_at) VALUES ('68e4c90d-215d-a4a4-ccce-c3b700000000', '671b0000-0000-0000-0000-010500000000', 'Great content!', '2025-10-07 08:07:32.671');
INSERT INTO post_tags (post_id, tag) VALUES ('68e4c90d-215d-a4a4-ccce-c3b700000000', 'life');
INSERT INTO post_tags (post_id, tag) VALUES ('68e4c90d-215d-a4a4-ccce-c3b700000000', 'update');
INSERT INTO post_tags (post_id, tag) VALUES ('68e4c90d-215d-a4a4-ccce-c3b700000000', 'daily');
INSERT INTO posts (post_id, user_id, body, created_at) VALUES ('68e4c90d-215d-a4a4-ccce-c3b800000000', '671b0000-0000-0000-0000-010400000000', 'Post #109: Check out my latest project.', '2025-10-07 08:02:21.052');
INSERT INTO post_likes (post_id, user_id) VALUES ('68e4c90d-215d-a4a4-ccce-c3b800000000', '671b0000-0000-0000-0000-010100000000');
INSERT INTO post_likes (post_id, user_id) VALUES ('68e4c90d-215d-a4a4-ccce-c3b800000000', '671b0000-0000-0000-0000-010600000000');
INSERT INTO post_likes (post_id, user_id) VALUES ('68e4c90d-215d-a4a4-ccce-c3b800000000', '671b0000-0000-0000-0000-010800000000');
INSERT INTO post_comments (post_id, user_id, body, created_at) VALUES ('68e4c90d-215d-a4a4-ccce-c3b800000000', '671b0000-0000-0000-0000-010700000000', 'Thanks for sharing.', '2025-10-07 08:07:32.673');
INSERT INTO post_comments (post_id, user_id, body, created_at) VALUES ('68e4c90d-215d-a4a4-ccce-c3b800000000', '671b0000-0000-0000-0000-010600000000', 'Absolutely agree!', '2025-10-07 08:07:32.673');
INSERT INTO post_comments (post_id, user_id, body, created_at) VALUES ('68e4c90d-215d-a4a4-ccce-c3b800000000', '671b0000-0000-0000-0000-010400000000', 'Nice post!', '2025-10-07 08:07:32.673');
INSERT INTO post_tags (post_id, tag) VALUES ('68e4c90d-215d-a4a4-ccce-c3b800000000', 'life');
INSERT INTO post_tags (post_id, tag) VALUES ('68e4c90d-215d-a4a4-ccce-c3b800000000', 'update');
INSERT INTO post_tags (post_id, tag) VALUES ('68e4c90d-215d-a4a4-ccce-c3b800000000', 'daily');
INSERT INTO posts (post_id, user_id, body, created_at) VALUES ('68e4c90d-215d-a4a4-ccce-c3b900000000', '671b0000-0000-0000-0000-010700000000', 'Post #110: Check out my latest project.', '2025-10-07 08:02:21.054');
INSERT INTO post_likes (post_id, user_id) VALUES ('68e4c90d-215d-a4a4-ccce-c3b900000000', '671b0000-0000-0000-0000-010500000000');
INSERT INTO post_comments (post_id, user_id, body, created_at) VALUES ('68e4c90d-215d-a4a4-ccce-c3b900000000', '671b0000-0000-0000-0000-010500000000', 'Interesting perspective.', '2025-10-07 08:07:32.674');
INSERT INTO post_comments (post_id, user_id, body, created_at) VALUES ('68e4c90d-215d-a4a4-ccce-c3b900000000', '671b0000-0000-0000-0000-010600000000', 'Interesting perspective.', '2025-10-07 08:07:32.674');
INSERT INTO post_tags (post_id, tag) VALUES ('68e4c90d-215d-a4a4-ccce-c3b900000000', 'life');
INSERT INTO post_tags (post_id, tag) VALUES ('68e4c90d-215d-a4a4-ccce-c3b900000000', 'update');
INSERT INTO post_tags (post_id, tag) VALUES ('68e4c90d-215d-a4a4-ccce-c3b900000000', 'daily');
INSERT INTO posts (post_id, user_id, body, created_at) VALUES ('68e4c90d-215d-a4a4-ccce-c3ba00000000', '671b0000-0000-0000-0000-010200000000', 'Post #111: Exploring new social media features.', '2025-10-07 08:02:21.058');
INSERT INTO post_likes (post_id, user_id) VALUES ('68e4c90d-215d-a4a4-ccce-c3ba00000000', '671b0000-0000-0000-0000-010500000000');
INSERT INTO post_likes (post_id, user_id) VALUES ('68e4c90d-215d-a4a4-ccce-c3ba00000000', '671b0000-0000-0000-0000-010600000000');
INSERT INTO post_tags (post_id, tag) VALUES ('68e4c90d-215d-a4a4-ccce-c3ba00000000', 'life');
INSERT INTO post_tags (post_id, tag) VALUES ('68e4c90d-215d-a4a4-ccce-c3ba00000000', 'update');
INSERT INTO post_tags (post_id, tag) VALUES ('68e4c90d-215d-a4a4-ccce-c3ba00000000', 'daily');
INSERT INTO posts (post_id, user_id, body, created_at) VALUES ('68e4c90d-215d-a4a4-ccce-c3bb00000000', '671b0000-0000-0000-0000-010100000000', 'Post #112: Check out my latest project.', '2025-10-07 08:02:21.061');
INSERT INTO post_likes (post_id, user_id) VALUES ('68e4c90d-215d-a4a4-ccce-c3bb00000000', '671b0000-0000-0000-0000-010700000000');
INSERT INTO post_likes (post_id, user_id) VALUES ('68e4c90d-215d-a4a4-ccce-c3bb00000000', '671b0000-0000-0000-0000-010100000000');
INSERT INTO post_likes (post_id, user_id) VALUES ('68e4c90d-215d-a4a4-ccce-c3bb00000000', '671b0000-0000-0000-0000-010600000000');
INSERT INTO post_likes (post_id, user_id) VALUES ('68e4c90d-215d-a4a4-ccce-c3bb00000000', '671b0000-0000-0000-0000-010200000000');
INSERT INTO post_likes (post_id, user_id) VALUES ('68e4c90d-215d-a4a4-ccce-c3bb00000000', '671b0000-0000-0000-0000-010500000000');
INSERT INTO post_tags (post_id, tag) VALUES ('68e4c90d-215d-a4a4-ccce-c3bb00000000', 'life');
INSERT INTO post_tags (post_id, tag) VALUES ('68e4c90d-215d-a4a4-ccce-c3bb00000000', 'update');
INSERT INTO post_tags (post_id, tag) VALUES ('68e4c90d-215d-a4a4-ccce-c3bb00000000', 'daily');
INSERT INTO posts (post_id, user_id, body, created_at) VALUES ('68e4c90d-215d-a4a4-ccce-c3bc00000000', '671b0000-0000-0000-0000-010500000000', 'Post #113: Tips and tricks for developers.', '2025-10-07 08:02:21.069');
INSERT INTO post_likes (post_id, user_id) VALUES ('68e4c90d-215d-a4a4-ccce-c3bc00000000', '671b0000-0000-0000-0000-010600000000');
INSERT INTO post_likes (post_id, user_id) VALUES ('68e4c90d-215d-a4a4-ccce-c3bc00000000', '671b0000-0000-0000-0000-010100000000');
INSERT INTO post_likes (post_id, user_id) VALUES ('68e4c90d-215d-a4a4-ccce-c3bc00000000', '671b0000-0000-0000-0000-010500000000');
INSERT INTO post_likes (post_id, user_id) VALUES ('68e4c90d-215d-a4a4-ccce-c3bc00000000', '671b0000-0000-0000-0000-010200000000');
INSERT INTO post_likes (post_id, user_id) VALUES ('68e4c90d-215d-a4a4-ccce-c3bc00000000', '671b0000-0000-0000-0000-010700000000');
INSERT INTO post_comments (post_id, user_id, body, created_at) VALUES ('68e4c90d-215d-a4a4-ccce-c3bc00000000', '671b0000-0000-0000-0000-010400000000', 'Loved this!', '2025-10-07 08:07:32.679');
INSERT INTO post_tags (post_id, tag) VALUES ('68e4c90d-215d-a4a4-ccce-c3bc00000000', 'life');
INSERT INTO post_tags (post_id, tag) VALUES ('68e4c90d-215d-a4a4-ccce-c3bc00000000', 'update');
INSERT INTO post_tags (post_id, tag) VALUES ('68e4c90d-215d-a4a4-ccce-c3bc00000000', 'daily');
INSERT INTO posts (post_id, user_id, body, created_at) VALUES ('68e4c90d-215d-a4a4-ccce-c3bd00000000', '671b0000-0000-0000-0000-010100000000', 'Post #114: A quick update from me.', '2025-10-07 08:02:21.071');
INSERT INTO post_tags (post_id, tag) VALUES ('68e4c90d-215d-a4a4-ccce-c3bd00000000', 'life');
INSERT INTO post_tags (post_id, tag) VALUES ('68e4c90d-215d-a4a4-ccce-c3bd00000000', 'update');
INSERT INTO post_tags (post_id, tag) VALUES ('68e4c90d-215d-a4a4-ccce-c3bd00000000', 'daily');
INSERT INTO posts (post_id, user_id, body, created_at) VALUES ('68e4c90d-215d-a4a4-ccce-c3be00000000', '671b0000-0000-0000-0000-010600000000', 'Post #115: Exploring new social media features.', '2025-10-07 08:02:21.073');
INSERT INTO post_likes (post_id, user_id) VALUES ('68e4c90d-215d-a4a4-ccce-c3be00000000', '671b0000-0000-0000-0000-010300000000');
INSERT INTO post_likes (post_id, user_id) VALUES ('68e4c90d-215d-a4a4-ccce-c3be00000000', '671b0000-0000-0000-0000-010600000000');
INSERT INTO post_likes (post_id, user_id) VALUES ('68e4c90d-215d-a4a4-ccce-c3be00000000', '671b0000-0000-0000-0000-010800000000');
INSERT INTO post_comments (post_id, user_id, body, created_at) VALUES ('68e4c90d-215d-a4a4-ccce-c3be00000000', '671b0000-0000-0000-0000-010700000000', 'Great content!', '2025-10-07 08:07:32.682');
INSERT INTO post_tags (post_id, tag) VALUES ('68e4c90d-215d-a4a4-ccce-c3be00000000', 'life');
INSERT INTO post_tags (post_id, tag) VALUES ('68e4c90d-215d-a4a4-ccce-c3be00000000', 'update');
INSERT INTO post_tags (post_id, tag) VALUES ('68e4c90d-215d-a4a4-ccce-c3be00000000', 'daily');
INSERT INTO posts (post_id, user_id, body, created_at) VALUES ('68e4c90d-215d-a4a4-ccce-c3bf00000000', '671b0000-0000-0000-0000-010400000000', 'Post #116: Simple ingredients, pure magic. Full recipe in comments!', '2025-10-07 08:02:21.075');
INSERT INTO post_likes (post_id, user_id) VALUES ('68e4c90d-215d-a4a4-ccce-c3bf00000000', '671b0000-0000-0000-0000-010200000000');
INSERT INTO post_likes (post_id, user_id) VALUES ('68e4c90d-215d-a4a4-ccce-c3bf00000000', '671b0000-0000-0000-0000-010300000000');
INSERT INTO post_likes (post_id, user_id) VALUES ('68e4c90d-215d-a4a4-ccce-c3bf00000000', '671b0000-0000-0000-0000-010500000000');
INSERT INTO post_likes (post_id, user_id) VALUES ('68e4c90d-215d-a4a4-ccce-c3bf00000000', '671b0000-0000-0000-0000-010800000000');
INSERT INTO post_comments (post_id, user_id, body, created_at) VALUES ('68e4c90d-215d-a4a4-ccce-c3bf00000000', '671b0000-0000-0000-0000-010100000000', 'Great content!', '2025-10-07 08:07:32.684');
INSERT INTO post_comments (post_id, user_id, body, created_at) VALUES ('68e4c90d-215d-a4a4-ccce-c3bf00000000', '671b0000-0000-0000-0000-010100000000', 'Absolutely agree!', '2025-10-07 08:07:32.684');
INSERT INTO post_tags (post_id, tag) VALUES ('68e4c90d-215d-a4a4-ccce-c3bf00000000', 'life');
INSERT INTO post_tags (post_id, tag) VALUES ('68e4c90d-215d-a4a4-ccce-c3bf00000000', 'update');
INSERT INTO post_tags (post_id, tag) VALUES ('68e4c90d-215d-a4a4-ccce-c3bf00000000', 'daily');
INSERT INTO posts (post_id, user_id, body, created_at) VALUES ('68e4c90d-215d-a4a4-ccce-c3c000000000', '671b0000-0000-0000-0000-010400000000', 'Post #117: Reflecting on daily life.', '2025-10-07 08:02:21.077');
INSERT INTO post_likes (post_id, user_id) VALUES ('68e4c90d-215d-a4a4-ccce-c3c000000000', '671b0000-0000-0000-0000-010300000000');
INSERT INTO post_likes (post_id, user_id) VALUES ('68e4c90d-215d-a4a4-ccce-c3c000000000', '671b0000-0000-0000-0000-010600000000');
INSERT INTO post_likes (post_id, user_id) VALUES ('68e4c90d-215d-a4a4-ccce-c3c000000000', '671b0000-0000-0000-0000-010500000000');
INSERT INTO post_likes (post_id, user_id) VALUES ('68e4c90d-215d-a4a4-ccce-c3c000000000', '671b0000-0000-0000-0000-010700000000');
INSERT INTO post_tags (post_id, tag) VALUES ('68e4c90d-215d-a4a4-ccce-c3c000000000', 'life');
INSERT INTO post_tags (post_id, tag) VALUES ('68e4c90d-215d-a4a4-ccce-c3c000000000', 'update');
INSERT INTO post_tags (post_id, tag) VALUES ('68e4c90d-215d-a4a4-ccce-c3c000000000', 'daily');
INSERT INTO posts (post_id, user_id, body, created_at) VALUES ('68e4c90d-215d-a4a4-ccce-c3c100000000', '671b0000-0000-0000-0000-010700000000', 'Post #118: Tips and tricks for developers.', '2025-10-07 08:02:21.078');
INSERT INTO post_likes (post_id, user_id) VALUES ('68e4c90d-215d-a4a4-ccce-c3c100000000', '671b0000-0000-0000-0000-010400000000');
INSERT INTO post_comments (post_id, user_id, body, created_at) VALUES ('68e4c90d-215d-a4a4-ccce-c3c100000000', '671b0000-0000-0000-0000-010800000000', 'Great content!', '2025-10-07 08:07:32.688');
INSERT INTO post_comments (post_id, user_id, body, created_at) VALUES ('68e4c90d-215d-a4a4-ccce-c3c100000000', '671b0000-0000-0000-0000-010700000000', 'Loved this!', '2025-10-07 08:07:32.688');
INSERT INTO post_tags (post_id, tag) VALUES ('68e4c90d-215d-a4a4-ccce-c3c100000000', 'life');
INSERT INTO post_tags (post_id, tag) VALUES ('68e4c90d-215d-a4a4-ccce-c3c100000000', 'update');
INSERT INTO post_tags (post_id, tag) VALUES ('68e4c90d-215d-a4a4-ccce-c3c100000000', 'daily');
INSERT INTO posts (post_id, user_id, body, created_at) VALUES ('68e4c90d-215d-a4a4-ccce-c3c200000000', '671b0000-0000-0000-0000-010800000000', 'Post #119: Spent the day shooting content at 3 underrated cafes. New vlog soon!', '2025-10-07 08:02:21.080');
INSERT INTO post_likes (post_id, user_id) VALUES ('68e4c90d-215d-a4a4-ccce-c3c200000000', '671b0000-0000-0000-0000-010200000000');
INSERT INTO post_comments (post_id, user_id, body, created_at) VALUES ('68e4c90d-215d-a4a4-ccce-c3c200000000', '671b0000-0000-0000-0000-010600000000', 'Interesting perspective.', '2025-10-07 08:07:32.690');
INSERT INTO post_comments (post_id, user_id, body, created_at) VALUES ('68e4c90d-215d-a4a4-ccce-c3c200000000', '671b0000-0000-0000-0000-010100000000', 'Nice post!', '2025-10-07 08:07:32.690');
INSERT INTO post_tags (post_id, tag) VALUES ('68e4c90d-215d-a4a4-ccce-c3c200000000', 'life');
INSERT INTO post_tags (post_id, tag) VALUES ('68e4c90d-215d-a4a4-ccce-c3c200000000', 'update');
INSERT INTO post_tags (post_id, tag) VALUES ('68e4c90d-215d-a4a4-ccce-c3c200000000', 'daily');
INSERT INTO posts (post_id, user_id, body, created_at) VALUES ('68e4c90d-215d-a4a4-ccce-c3c300000000', '671b0000-0000-0000-0000-010400000000', 'Post #120: A quick update from me.', '2025-10-07 08:02:21.081');
INSERT INTO post_likes (post_id, user_id) VALUES ('68e4c90d-215d-a4a4-ccce-c3c300000000', '671b0000-0000-0000-0000-010500000000');
INSERT INTO post_comments (post_id, user_id, body, created_at) VALUES ('68e4c90d-215d-a4a4-ccce-c3c300000000', '671b0000-0000-0000-0000-010800000000', 'Absolutely agree!', '2025-10-07 08:07:32.692');
INSERT INTO post_tags (post_id, tag) VALUES ('68e4c90d-215d-a4a4-ccce-c3c300000000', 'life');
INSERT INTO post_tags (post_id, tag) VALUES ('68e4c90d-215d-a4a4-ccce-c3c300000000', 'update');
INSERT INTO post_tags (post_id, tag) VALUES ('68e4c90d-215d-a4a4-ccce-c3c300000000', 'daily');
INSERT INTO posts (post_id, user_id, body, created_at) VALUES ('68e4c90d-215d-a4a4-ccce-c3c400000000', '671b0000-0000-0000-0000-010100000000', 'Post #121: Working on a new research paper about dataset bias in AI training.', '2025-10-07 08:02:21.082');
INSERT INTO post_likes (post_id, user_id) VALUES ('68e4c90d-215d-a4a4-ccce-c3c400000000', '671b0000-0000-0000-0000-010800000000');
INSERT INTO post_likes (post_id, user_id) VALUES ('68e4c90d-215d-a4a4-ccce-c3c400000000', '671b0000-0000-0000-0000-010700000000');
INSERT INTO post_likes (post_id, user_id) VALUES ('68e4c90d-215d-a4a4-ccce-c3c400000000', '671b0000-0000-0000-0000-010500000000');
INSERT INTO post_tags (post_id, tag) VALUES ('68e4c90d-215d-a4a4-ccce-c3c400000000', 'life');
INSERT INTO post_tags (post_id, tag) VALUES ('68e4c90d-215d-a4a4-ccce-c3c400000000', 'update');
INSERT INTO post_tags (post_id, tag) VALUES ('68e4c90d-215d-a4a4-ccce-c3c400000000', 'daily');
INSERT INTO posts (post_id, user_id, body, created_at) VALUES ('68e4c90d-215d-a4a4-ccce-c3c500000000', '671b0000-0000-0000-0000-010400000000', 'Post #122: Sharing my thoughts about tech.', '2025-10-07 08:02:21.083');
INSERT INTO post_likes (post_id, user_id) VALUES ('68e4c90d-215d-a4a4-ccce-c3c500000000', '671b0000-0000-0000-0000-010200000000');
INSERT INTO post_likes (post_id, user_id) VALUES ('68e4c90d-215d-a4a4-ccce-c3c500000000', '671b0000-0000-0000-0000-010100000000');
INSERT INTO post_likes (post_id, user_id) VALUES ('68e4c90d-215d-a4a4-ccce-c3c500000000', '671b0000-0000-0000-0000-010300000000');
INSERT INTO post_likes (post_id, user_id) VALUES ('68e4c90d-215d-a4a4-ccce-c3c500000000', '671b0000-0000-0000-0000-010800000000');
INSERT INTO post_tags (post_id, tag) VALUES ('68e4c90d-215d-a4a4-ccce-c3c500000000', 'life');
INSERT INTO post_tags (post_id, tag) VALUES ('68e4c90d-215d-a4a4-ccce-c3c500000000', 'update');
INSERT INTO post_tags (post_id, tag) VALUES ('68e4c90d-215d-a4a4-ccce-c3c500000000', 'daily');
INSERT INTO posts (post_id, user_id, body, created_at) VALUES ('68e4c90d-215d-a4a4-ccce-c3c600000000', '671b0000-0000-0000-0000-010400000000', 'Post #123: Shared a new guide on setting up CI/CD pipelines using AWS Lambda.', '2025-10-07 08:02:21.085');
INSERT INTO post_likes (post_id, user_id) VALUES ('68e4c90d-215d-a4a4-ccce-c3c600000000', '671b0000-0000-0000-0000-010600000000');
INSERT INTO post_likes (post_id, user_id) VALUES ('68e4c90d-215d-a4a4-ccce-c3c600000000', '671b0000-0000-0000-0000-010300000000');
INSERT INTO post_likes (post_id, user_id) VALUES ('68e4c90d-215d-a4a4-ccce-c3c600000000', '671b0000-0000-0000-0000-010100000000');
INSERT INTO post_likes (post_id, user_id) VALUES ('68e4c90d-215d-a4a4-ccce-c3c600000000', '671b0000-0000-0000-0000-010400000000');
INSERT INTO post_tags (post_id, tag) VALUES ('68e4c90d-215d-a4a4-ccce-c3c600000000', 'life');
INSERT INTO post_tags (post_id, tag) VALUES ('68e4c90d-215d-a4a4-ccce-c3c600000000', 'update');
INSERT INTO post_tags (post_id, tag) VALUES ('68e4c90d-215d-a4a4-ccce-c3c600000000', 'daily');
INSERT INTO posts (post_id, user_id, body, created_at) VALUES ('68e4c90d-215d-a4a4-ccce-c3c700000000', '671b0000-0000-0000-0000-010800000000', 'Post #124: Check out my latest project.', '2025-10-07 08:02:21.086');
INSERT INTO post_likes (post_id, user_id) VALUES ('68e4c90d-215d-a4a4-ccce-c3c700000000', '671b0000-0000-0000-0000-010800000000');
INSERT INTO post_likes (post_id, user_id) VALUES ('68e4c90d-215d-a4a4-ccce-c3c700000000', '671b0000-0000-0000-0000-010400000000');
INSERT INTO post_likes (post_id, user_id) VALUES ('68e4c90d-215d-a4a4-ccce-c3c700000000', '671b0000-0000-0000-0000-010200000000');
INSERT INTO post_likes (post_id, user_id) VALUES ('68e4c90d-215d-a4a4-ccce-c3c700000000', '671b0000-0000-0000-0000-010700000000');
INSERT INTO post_comments (post_id, user_id, body, created_at) VALUES ('68e4c90d-215d-a4a4-ccce-c3c700000000', '671b0000-0000-0000-0000-010600000000', 'Great content!', '2025-10-07 08:07:32.704');
INSERT INTO post_comments (post_id, user_id, body, created_at) VALUES ('68e4c90d-215d-a4a4-ccce-c3c700000000', '671b0000-0000-0000-0000-010500000000', 'Interesting perspective.', '2025-10-07 08:07:32.704');
INSERT INTO post_tags (post_id, tag) VALUES ('68e4c90d-215d-a4a4-ccce-c3c700000000', 'life');
INSERT INTO post_tags (post_id, tag) VALUES ('68e4c90d-215d-a4a4-ccce-c3c700000000', 'update');
INSERT INTO post_tags (post_id, tag) VALUES ('68e4c90d-215d-a4a4-ccce-c3c700000000', 'daily');
INSERT INTO posts (post_id, user_id, body, created_at) VALUES ('68e4c90d-215d-a4a4-ccce-c3c800000000', '671b0000-0000-0000-0000-010100000000', 'Post #125: Exploring new social media features.', '2025-10-07 08:02:21.087');
INSERT INTO post_likes (post_id, user_id) VALUES ('68e4c90d-215d-a4a4-ccce-c3c800000000', '671b0000-0000-0000-0000-010800000000');
INSERT INTO post_comments (post_id, user_id, body, created_at) VALUES ('68e4c90d-215d-a4a4-ccce-c3c800000000', '671b0000-0000-0000-0000-010500000000', 'Can you explain more?', '2025-10-07 08:07:32.705');
INSERT INTO post_comments (post_id, user_id, body, created_at) VALUES ('68e4c90d-215d-a4a4-ccce-c3c800000000', '671b0000-0000-0000-0000-010700000000', 'Can you explain more?', '2025-10-07 08:07:32.705');
INSERT INTO post_comments (post_id, user_id, body, created_at) VALUES ('68e4c90d-215d-a4a4-ccce-c3c800000000', '671b0000-0000-0000-0000-010400000000', 'Nice post!', '2025-10-07 08:07:32.705');
INSERT INTO post_tags (post_id, tag) VALUES ('68e4c90d-215d-a4a4-ccce-c3c800000000', 'life');
INSERT INTO post_tags (post_id, tag) VALUES ('68e4c90d-215d-a4a4-ccce-c3c800000000', 'update');
INSERT INTO post_tags (post_id, tag) VALUES ('68e4c90d-215d-a4a4-ccce-c3c800000000', 'daily');
INSERT INTO posts (post_id, user_id, body, created_at) VALUES ('68e4c90d-215d-a4a4-ccce-c3c900000000', '671b0000-0000-0000-0000-010400000000', 'Post #126: Exploring new social media features.', '2025-10-07 08:02:21.089');
INSERT INTO post_tags (post_id, tag) VALUES ('68e4c90d-215d-a4a4-ccce-c3c900000000', 'life');
INSERT INTO post_tags (post_id, tag) VALUES ('68e4c90d-215d-a4a4-ccce-c3c900000000', 'update');
INSERT INTO post_tags (post_id, tag) VALUES ('68e4c90d-215d-a4a4-ccce-c3c900000000', 'daily');
INSERT INTO posts (post_id, user_id, body, created_at) VALUES ('68e4c90d-215d-a4a4-ccce-c3ca00000000', '671b0000-0000-0000-0000-010600000000', 'Post #127: Working on a new research paper about dataset bias in AI training.', '2025-10-07 08:02:21.090');
INSERT INTO post_likes (post_id, user_id) VALUES ('68e4c90d-215d-a4a4-ccce-c3ca00000000', '671b0000-0000-0000-0000-010800000000');
INSERT INTO post_comments (post_id, user_id, body, created_at) VALUES ('68e4c90d-215d-a4a4-ccce-c3ca00000000', '671b0000-0000-0000-0000-010100000000', 'This is helpful.', '2025-10-07 08:07:32.708');
INSERT INTO post_comments (post_id, user_id, body, created_at) VALUES ('68e4c90d-215d-a4a4-ccce-c3ca00000000', '671b0000-0000-0000-0000-010700000000', 'This is helpful.', '2025-10-07 08:07:32.708');
INSERT INTO post_comments (post_id, user_id, body, created_at) VALUES ('68e4c90d-215d-a4a4-ccce-c3ca00000000', '671b0000-0000-0000-0000-010800000000', 'Interesting perspective.', '2025-10-07 08:07:32.708');
INSERT INTO post_tags (post_id, tag) VALUES ('68e4c90d-215d-a4a4-ccce-c3ca00000000', 'life');
INSERT INTO post_tags (post_id, tag) VALUES ('68e4c90d-215d-a4a4-ccce-c3ca00000000', 'update');
INSERT INTO post_tags (post_id, tag) VALUES ('68e4c90d-215d-a4a4-ccce-c3ca00000000', 'daily');
INSERT INTO posts (post_id, user_id, body, created_at) VALUES ('68e4c90d-215d-a4a4-ccce-c3cb00000000', '671b0000-0000-0000-0000-010100000000', 'Post #128: Check out my latest project.', '2025-10-07 08:02:21.092');
INSERT INTO post_likes (post_id, user_id) VALUES ('68e4c90d-215d-a4a4-ccce-c3cb00000000', '671b0000-0000-0000-0000-010200000000');
INSERT INTO post_likes (post_id, user_id) VALUES ('68e4c90d-215d-a4a4-ccce-c3cb00000000', '671b0000-0000-0000-0000-010400000000');
INSERT INTO post_likes (post_id, user_id) VALUES ('68e4c90d-215d-a4a4-ccce-c3cb00000000', '671b0000-0000-0000-0000-010300000000');
INSERT INTO post_comments (post_id, user_id, body, created_at) VALUES ('68e4c90d-215d-a4a4-ccce-c3cb00000000', '671b0000-0000-0000-0000-010200000000', 'This is helpful.', '2025-10-07 08:07:32.709');
INSERT INTO post_comments (post_id, user_id, body, created_at) VALUES ('68e4c90d-215d-a4a4-ccce-c3cb00000000', '671b0000-0000-0000-0000-010400000000', 'Thanks for sharing.', '2025-10-07 08:07:32.709');
INSERT INTO post_tags (post_id, tag) VALUES ('68e4c90d-215d-a4a4-ccce-c3cb00000000', 'life');
INSERT INTO post_tags (post_id, tag) VALUES ('68e4c90d-215d-a4a4-ccce-c3cb00000000', 'update');
INSERT INTO post_tags (post_id, tag) VALUES ('68e4c90d-215d-a4a4-ccce-c3cb00000000', 'daily');
INSERT INTO posts (post_id, user_id, body, created_at) VALUES ('68e4c90d-215d-a4a4-ccce-c3cc00000000', '671b0000-0000-0000-0000-010500000000', 'Post #129: Reflecting on daily life.', '2025-10-07 08:02:21.093');
INSERT INTO post_likes (post_id, user_id) VALUES ('68e4c90d-215d-a4a4-ccce-c3cc00000000', '671b0000-0000-0000-0000-010400000000');
INSERT INTO post_comments (post_id, user_id, body, created_at) VALUES ('68e4c90d-215d-a4a4-ccce-c3cc00000000', '671b0000-0000-0000-0000-010100000000', 'Great content!', '2025-10-07 08:07:32.711');
INSERT INTO post_comments (post_id, user_id, body, created_at) VALUES ('68e4c90d-215d-a4a4-ccce-c3cc00000000', '671b0000-0000-0000-0000-010100000000', 'Absolutely agree!', '2025-10-07 08:07:32.711');
INSERT INTO post_tags (post_id, tag) VALUES ('68e4c90d-215d-a4a4-ccce-c3cc00000000', 'life');
INSERT INTO post_tags (post_id, tag) VALUES ('68e4c90d-215d-a4a4-ccce-c3cc00000000', 'update');
INSERT INTO post_tags (post_id, tag) VALUES ('68e4c90d-215d-a4a4-ccce-c3cc00000000', 'daily');
INSERT INTO posts (post_id, user_id, body, created_at) VALUES ('68e4c90d-215d-a4a4-ccce-c3cd00000000', '671b0000-0000-0000-0000-010500000000', 'Post #130: Shared a new guide on setting up CI/CD pipelines using AWS Lambda.', '2025-10-07 08:02:21.095');
INSERT INTO post_likes (post_id, user_id) VALUES ('68e4c90d-215d-a4a4-ccce-c3cd00000000', '671b0000-0000-0000-0000-010600000000');
INSERT INTO post_likes (post_id, user_id) VALUES ('68e4c90d-215d-a4a4-ccce-c3cd00000000', '671b0000-0000-0000-0000-010100000000');
INSERT INTO post_comments (post_id, user_id, body, created_at) VALUES ('68e4c90d-215d-a4a4-ccce-c3cd00000000', '671b0000-0000-0000-0000-010200000000', 'Great content!', '2025-10-07 08:07:32.712');
INSERT INTO post_comments (post_id, user_id, body, created_at) VALUES ('68e4c90d-215d-a4a4-ccce-c3cd00000000', '671b0000-0000-0000-0000-010400000000', 'Can you explain more?', '2025-10-07 08:07:32.712');
INSERT INTO post_tags (post_id, tag) VALUES ('68e4c90d-215d-a4a4-ccce-c3cd00000000', 'life');
INSERT INTO post_tags (post_id, tag) VALUES ('68e4c90d-215d-a4a4-ccce-c3cd00000000', 'update');
INSERT INTO post_tags (post_id, tag) VALUES ('68e4c90d-215d-a4a4-ccce-c3cd00000000', 'daily');
INSERT INTO posts (post_id, user_id, body, created_at) VALUES ('68e4c90d-215d-a4a4-ccce-c3ce00000000', '671b0000-0000-0000-0000-010100000000', 'Post #131: Sharing my thoughts about tech.', '2025-10-07 08:02:21.096');
INSERT INTO post_likes (post_id, user_id) VALUES ('68e4c90d-215d-a4a4-ccce-c3ce00000000', '671b0000-0000-0000-0000-010500000000');
INSERT INTO post_tags (post_id, tag) VALUES ('68e4c90d-215d-a4a4-ccce-c3ce00000000', 'life');
INSERT INTO post_tags (post_id, tag) VALUES ('68e4c90d-215d-a4a4-ccce-c3ce00000000', 'update');
INSERT INTO post_tags (post_id, tag) VALUES ('68e4c90d-215d-a4a4-ccce-c3ce00000000', 'daily');
INSERT INTO posts (post_id, user_id, body, created_at) VALUES ('68e4c90d-215d-a4a4-ccce-c3cf00000000', '671b0000-0000-0000-0000-010100000000', 'Post #132: Just migrated from SQL to MongoDB and the flexibility is insane! 🚀', '2025-10-07 08:02:21.097');
INSERT INTO post_comments (post_id, user_id, body, created_at) VALUES ('68e4c90d-215d-a4a4-ccce-c3cf00000000', '671b0000-0000-0000-0000-010200000000', 'Loved this!', '2025-10-07 08:07:32.716');
INSERT INTO post_comments (post_id, user_id, body, created_at) VALUES ('68e4c90d-215d-a4a4-ccce-c3cf00000000', '671b0000-0000-0000-0000-010700000000', 'Great content!', '2025-10-07 08:07:32.716');
INSERT INTO post_tags (post_id, tag) VALUES ('68e4c90d-215d-a4a4-ccce-c3cf00000000', 'life');
INSERT INTO post_tags (post_id, tag) VALUES ('68e4c90d-215d-a4a4-ccce-c3cf00000000', 'update');
INSERT INTO post_tags (post_id, tag) VALUES ('68e4c90d-215d-a4a4-ccce-c3cf00000000', 'daily');
INSERT INTO posts (post_id, user_id, body, created_at) VALUES ('68e4c90d-215d-a4a4-ccce-c3d000000000', '671b0000-0000-0000-0000-010800000000', 'Post #133: Spent the day shooting content at 3 underrated cafes. New vlog soon!', '2025-10-07 08:02:21.098');
INSERT INTO post_likes (post_id, user_id) VALUES ('68e4c90d-215d-a4a4-ccce-c3d000000000', '671b0000-0000-0000-0000-010700000000');
INSERT INTO post_likes (post_id, user_id) VALUES ('68e4c90d-215d-a4a4-ccce-c3d000000000', '671b0000-0000-0000-0000-010400000000');
INSERT INTO post_comments (post_id, user_id, body, created_at) VALUES ('68e4c90d-215d-a4a4-ccce-c3d000000000', '671b0000-0000-0000-0000-010700000000', 'Absolutely agree!', '2025-10-07 08:07:32.718');
INSERT INTO post_tags (post_id, tag) VALUES ('68e4c90d-215d-a4a4-ccce-c3d000000000', 'life');
INSERT INTO post_tags (post_id, tag) VALUES ('68e4c90d-215d-a4a4-ccce-c3d000000000', 'update');
INSERT INTO post_tags (post_id, tag) VALUES ('68e4c90d-215d-a4a4-ccce-c3d000000000', 'daily');
INSERT INTO posts (post_id, user_id, body, created_at) VALUES ('68e4c90d-215d-a4a4-ccce-c3d100000000', '671b0000-0000-0000-0000-010200000000', 'Post #134: Exploring new social media features.', '2025-10-07 08:02:21.100');
INSERT INTO post_likes (post_id, user_id) VALUES ('68e4c90d-215d-a4a4-ccce-c3d100000000', '671b0000-0000-0000-0000-010600000000');
INSERT INTO post_likes (post_id, user_id) VALUES ('68e4c90d-215d-a4a4-ccce-c3d100000000', '671b0000-0000-0000-0000-010300000000');
INSERT INTO post_tags (post_id, tag) VALUES ('68e4c90d-215d-a4a4-ccce-c3d100000000', 'life');
INSERT INTO post_tags (post_id, tag) VALUES ('68e4c90d-215d-a4a4-ccce-c3d100000000', 'update');
INSERT INTO post_tags (post_id, tag) VALUES ('68e4c90d-215d-a4a4-ccce-c3d100000000', 'daily');
INSERT INTO posts (post_id, user_id, body, created_at) VALUES ('68e4c90d-215d-a4a4-ccce-c3d200000000', '671b0000-0000-0000-0000-010600000000', 'Post #135: Check out my latest project.', '2025-10-07 08:02:21.101');
INSERT INTO post_likes (post_id, user_id) VALUES ('68e4c90d-215d-a4a4-ccce-c3d200000000', '671b0000-0000-0000-0000-010500000000');
INSERT INTO post_likes (post_id, user_id) VALUES ('68e4c90d-215d-a4a4-ccce-c3d200000000', '671b0000-0000-0000-0000-010800000000');
INSERT INTO post_likes (post_id, user_id) VALUES ('68e4c90d-215d-a4a4-ccce-c3d200000000', '671b0000-0000-0000-0000-010300000000');
INSERT INTO post_likes (post_id, user_id) VALUES ('68e4c90d-215d-a4a4-ccce-c3d200000000', '671b0000-0000-0000-0000-010200000000');
INSERT INTO post_comments (post_id, user_id, body, created_at) VALUES ('68e4c90d-215d-a4a4-ccce-c3d200000000', '671b0000-0000-0000-0000-010100000000', 'Nice post!', '2025-10-07 08:07:32.722');
INSERT INTO post_comments (post_id, user_id, body, created_at) VALUES ('68e4c90d-215d-a4a4-ccce-c3d200000000', '671b0000-0000-0000-0000-010500000000', 'Absolutely agree!', '2025-10-07 08:07:32.722');
INSERT INTO post_comments (post_id, user_id, body, created_at) VALUES ('68e4c90d-215d-a4a4-ccce-c3d200000000', '671b0000-0000-0000-0000-010500000000', 'Loved this!', '2025-10-07 08:07:32.722');
INSERT INTO post_tags (post_id, tag) VALUES ('68e4c90d-215d-a4a4-ccce-c3d200000000', 'life');
INSERT INTO post_tags (post_id, tag) VALUES ('68e4c90d-215d-a4a4-ccce-c3d200000000', 'update');
INSERT INTO post_tags (post_id, tag) VALUES ('68e4c90d-215d-a4a4-ccce-c3d200000000', 'daily');
INSERT INTO posts (post_id, user_id, body, created_at) VALUES ('68e4c90d-215d-a4a4-ccce-c3d300000000', '671b0000-0000-0000-0000-010100000000', 'Post #136: Check out my latest project.', '2025-10-07 08:02:21.102');
INSERT INTO post_tags (post_id, tag) VALUES ('68e4c90d-215d-a4a4-ccce-c3d300000000', 'life');
INSERT INTO post_tags (post_id, tag) VALUES ('68e4c90d-215d-a4a4-ccce-c3d300000000', 'update');
INSERT INTO post_tags (post_id, tag) VALUES ('68e4c90d-215d-a4a4-ccce-c3d300000000', 'daily');
INSERT INTO posts (post_id, user_id, body, created_at) VALUES ('68e4c90d-215d-a4a4-ccce-c3d400000000', '671b0000-0000-0000-0000-010700000000', 'Post #137: Simple ingredients, pure magic. Full recipe in comments!', '2025-10-07 08:02:21.104');
INSERT INTO post_likes (post_id, user_id) VALUES ('68e4c90d-215d-a4a4-ccce-c3d400000000', '671b0000-0000-0000-0000-010300000000');
INSERT INTO post_likes (post_id, user_id) VALUES ('68e4c90d-215d-a4a4-ccce-c3d400000000', '671b0000-0000-0000-0000-010500000000');
INSERT INTO post_tags (post_id, tag) VALUES ('68e4c90d-215d-a4a4-ccce-c3d400000000', 'life');
INSERT INTO post_tags (post_id, tag) VALUES ('68e4c90d-215d-a4a4-ccce-c3d400000000', 'update');
INSERT INTO post_tags (post_id, tag) VALUES ('68e4c90d-215d-a4a4-ccce-c3d400000000', 'daily');
INSERT INTO posts (post_id, user_id, body, created_at) VALUES ('68e4c90d-215d-a4a4-ccce-c3d500000000', '671b0000-0000-0000-0000-010100000000', 'Post #138: Exploring new social media features.', '2025-10-07 08:02:21.105');
INSERT INTO post_likes (post_id, user_id) VALUES ('68e4c90d-215d-a4a4-ccce-c3d500000000', '671b0000-0000-0000-0000-010200000000');
INSERT INTO post_comments (post_id, user_id, body, created_at) VALUES ('68e4c90d-215d-a4a4-ccce-c3d500000000', '671b0000-0000-0000-0000-010600000000', 'Nice post!', '2025-10-07 08:07:32.729');
INSERT INTO post_comments (post_id, user_id, body, created_at) VALUES ('68e4c90d-215d-a4a4-ccce-c3d500000000', '671b0000-0000-0000-0000-010600000000', 'Absolutely agree!', '2025-10-07 08:07:32.729');
INSERT INTO post_comments (post_id, user_id, body, created_at) VALUES ('68e4c90d-215d-a4a4-ccce-c3d500000000', '671b0000-0000-0000-0000-010100000000', 'Loved this!', '2025-10-07 08:07:32.729');
INSERT INTO post_tags (post_id, tag) VALUES ('68e4c90d-215d-a4a4-ccce-c3d500000000', 'life');
INSERT INTO post_tags (post_id, tag) VALUES ('68e4c90d-215d-a4a4-ccce-c3d500000000', 'update');
INSERT INTO post_tags (post_id, tag) VALUES ('68e4c90d-215d-a4a4-ccce-c3d500000000', 'daily');
INSERT INTO posts (post_id, user_id, body, created_at) VALUES ('68e4c90d-215d-a4a4-ccce-c3d600000000', '671b0000-0000-0000-0000-010800000000', 'Post #139: Shared a new guide on setting up CI/CD pipelines using AWS Lambda.', '2025-10-07 08:02:21.107');
INSERT INTO post_likes (post_id, user_id) VALUES ('68e4c90d-215d-a4a4-ccce-c3d600000000', '671b0000-0000-0000-0000-010700000000');
INSERT INTO post_likes (post_id, user_id) VALUES ('68e4c90d-215d-a4a4-ccce-c3d600000000', '671b0000-0000-0000-0000-010300000000');
INSERT INTO post_likes (post_id, user_id) VALUES ('68e4c90d-215d-a4a4-ccce-c3d600000000', '671b0000-0000-0000-0000-010500000000');
INSERT INTO post_comments (post_id, user_id, body, created_at) VALUES ('68e4c90d-215d-a4a4-ccce-c3d600000000', '671b0000-0000-0000-0000-010100000000', 'Loved this!', '2025-10-07 08:07:32.732');
INSERT INTO post_comments (post_id, user_id, body, created_at) VALUES ('68e4c90d-215d-a4a4-ccce-c3d600000000', '671b0000-0000-0000-0000-010700000000', 'This is helpful.', '2025-10-07 08:07:32.732');
INSERT INTO post_comments (post_id, user_id, body, created_at) VALUES ('68e4c90d-215d-a4a4-ccce-c3d600000000', '671b0000-0000-0000-0000-010200000000', 'Interesting perspective.', '2025-10-07 08:07:32.732');
INSERT INTO post_tags (post_id, tag) VALUES ('68e4c90d-215d-a4a4-ccce-c3d600000000', 'life');
INSERT INTO post_tags (post_id, tag) VALUES ('68e4c90d-215d-a4a4-ccce-c3d600000000', 'update');
INSERT INTO post_tags (post_id, tag) VALUES ('68e4c90d-215d-a4a4-ccce-c3d600000000', 'daily');
INSERT INTO posts (post_id, user_id, body, created_at) VALUES ('68e4c90d-215d-a4a4-ccce-c3d700000000', '671b0000-0000-0000-0000-010200000000', 'Post #140: Shared a new guide on setting up CI/CD pipelines using AWS Lambda.', '2025-10-07 08:02:21.109');
INSERT INTO post_likes (post_id, user_id) VALUES ('68e4c90d-215d-a4a4-ccce-c3d700000000', '671b0000-0000-0000-0000-010700000000');
INSERT INTO post_likes (post_id, user_id) VALUES ('68e4c90d-215d-a4a4-ccce-c3d700000000', '671b0000-0000-0000-0000-010600000000');
INSERT INTO post_tags (post_id, tag) VALUES ('68e4c90d-215d-a4a4-ccce-c3d700000000', 'life');
INSERT INTO post_tags (post_id, tag) VALUES ('68e4c90d-215d-a4a4-ccce-c3d700000000', 'update');
INSERT INTO post_tags (post_id, tag) VALUES ('68e4c90d-215d-a4a4-ccce-c3d700000000', 'daily');
INSERT INTO posts (post_id, user_id, body, created_at) VALUES ('68e4c90d-215d-a4a4-ccce-c3d800000000', '671b0000-0000-0000-0000-010800000000', 'Post #141: Learning MongoDB today!', '2025-10-07 08:02:21.110');
INSERT INTO post_likes (post_id, user_id) VALUES ('68e4c90d-215d-a4a4-ccce-c3d800000000', '671b0000-0000-0000-0000-010300000000');
INSERT INTO post_comments (post_id, user_id, body, created_at) VALUES ('68e4c90d-215d-a4a4-ccce-c3d800000000', '671b0000-0000-0000-0000-010100000000', 'Absolutely agree!', '2025-10-07 08:07:32.737');
INSERT INTO post_comments (post_id, user_id, body, created_at) VALUES ('68e4c90d-215d-a4a4-ccce-c3d800000000', '671b0000-0000-0000-0000-010600000000', 'Thanks for sharing.', '2025-10-07 08:07:32.737');
INSERT INTO post_tags (post_id, tag) VALUES ('68e4c90d-215d-a4a4-ccce-c3d800000000', 'life');
INSERT INTO post_tags (post_id, tag) VALUES ('68e4c90d-215d-a4a4-ccce-c3d800000000', 'update');
INSERT INTO post_tags (post_id, tag) VALUES ('68e4c90d-215d-a4a4-ccce-c3d800000000', 'daily');
INSERT INTO posts (post_id, user_id, body, created_at) VALUES ('68e4c90d-215d-a4a4-ccce-c3d900000000', '671b0000-0000-0000-0000-010800000000', 'Post #142: Learning MongoDB today!', '2025-10-07 08:02:21.112');
INSERT INTO post_likes (post_id, user_id) VALUES ('68e4c90d-215d-a4a4-ccce-c3d900000000', '671b0000-0000-0000-0000-010400000000');
INSERT INTO post_likes (post_id, user_id) VALUES ('68e4c90d-215d-a4a4-ccce-c3d900000000', '671b0000-0000-0000-0000-010800000000');
INSERT INTO post_likes (post_id, user_id) VALUES ('68e4c90d-215d-a4a4-ccce-c3d900000000', '671b0000-0000-0000-0000-010500000000');
INSERT INTO post_comments (post_id, user_id, body, created_at) VALUES ('68e4c90d-215d-a4a4-ccce-c3d900000000', '671b0000-0000-0000-0000-010200000000', 'Absolutely agree!', '2025-10-07 08:07:32.739');
INSERT INTO post_comments (post_id, user_id, body, created_at) VALUES ('68e4c90d-215d-a4a4-ccce-c3d900000000', '671b0000-0000-0000-0000-010100000000', 'Thanks for sharing.', '2025-10-07 08:07:32.739');
INSERT INTO post_tags (post_id, tag) VALUES ('68e4c90d-215d-a4a4-ccce-c3d900000000', 'life');
INSERT INTO post_tags (post_id, tag) VALUES ('68e4c90d-215d-a4a4-ccce-c3d900000000', 'update');
INSERT INTO post_tags (post_id, tag) VALUES ('68e4c90d-215d-a4a4-ccce-c3d900000000', 'daily');
INSERT INTO posts (post_id, user_id, body, created_at) VALUES ('68e4c90d-215d-a4a4-ccce-c3da00000000', '671b0000-0000-0000-0000-010400000000', 'Post #143: A quick update from me.', '2025-10-07 08:02:21.113');
INSERT INTO post_likes (post_id, user_id) VALUES ('68e4c90d-215d-a4a4-ccce-c3da00000000', '671b0000-0000-0000-0000-010300000000');
INSERT INTO post_likes (post_id, user_id) VALUES ('68e4c90d-215d-a4a4-ccce-c3da00000000', '671b0000-0000-0000-0000-010400000000');
INSERT INTO post_comments (post_id, user_id, body, created_at) VALUES ('68e4c90d-215d-a4a4-ccce-c3da00000000', '671b0000-0000-0000-0000-010400000000', 'This is helpful.', '2025-10-07 08:07:32.742');
INSERT INTO post_comments (post_id, user_id, body, created_at) VALUES ('68e4c90d-215d-a4a4-ccce-c3da00000000', '671b0000-0000-0000-0000-010500000000', 'Great content!', '2025-10-07 08:07:32.742');
INSERT INTO post_comments (post_id, user_id, body, created_at) VALUES ('68e4c90d-215d-a4a4-ccce-c3da00000000', '671b0000-0000-0000-0000-010500000000', 'Nice post!', '2025-10-07 08:07:32.742');
INSERT INTO post_tags (post_id, tag) VALUES ('68e4c90d-215d-a4a4-ccce-c3da00000000', 'life');
INSERT INTO post_tags (post_id, tag) VALUES ('68e4c90d-215d-a4a4-ccce-c3da00000000', 'update');
INSERT INTO post_tags (post_id, tag) VALUES ('68e4c90d-215d-a4a4-ccce-c3da00000000', 'daily');
INSERT INTO posts (post_id, user_id, body, created_at) VALUES ('68e4c90d-215d-a4a4-ccce-c3db00000000', '671b0000-0000-0000-0000-010100000000', 'Post #144: Working on a new research paper about dataset bias in AI training.', '2025-10-07 08:02:21.115');
INSERT INTO post_comments (post_id, user_id, body, created_at) VALUES ('68e4c90d-215d-a4a4-ccce-c3db00000000', '671b0000-0000-0000-0000-010200000000', 'Loved this!', '2025-10-07 08:07:32.744');
INSERT INTO post_comments (post_id, user_id, body, created_at) VALUES ('68e4c90d-215d-a4a4-ccce-c3db00000000', '671b0000-0000-0000-0000-010800000000', 'Can you explain more?', '2025-10-07 08:07:32.744');
INSERT INTO post_comments (post_id, user_id, body, created_at) VALUES ('68e4c90d-215d-a4a4-ccce-c3db00000000', '671b0000-0000-0000-0000-010400000000', 'Loved this!', '2025-10-07 08:07:32.744');
INSERT INTO post_tags (post_id, tag) VALUES ('68e4c90d-215d-a4a4-ccce-c3db00000000', 'life');
INSERT INTO post_tags (post_id, tag) VALUES ('68e4c90d-215d-a4a4-ccce-c3db00000000', 'update');
INSERT INTO post_tags (post_id, tag) VALUES ('68e4c90d-215d-a4a4-ccce-c3db00000000', 'daily');
INSERT INTO posts (post_id, user_id, body, created_at) VALUES ('68e4c90d-215d-a4a4-ccce-c3dc00000000', '671b0000-0000-0000-0000-010100000000', 'Post #145: Sharing my thoughts about tech.', '2025-10-07 08:02:21.116');
INSERT INTO post_likes (post_id, user_id) VALUES ('68e4c90d-215d-a4a4-ccce-c3dc00000000', '671b0000-0000-0000-0000-010500000000');
INSERT INTO post_likes (post_id, user_id) VALUES ('68e4c90d-215d-a4a4-ccce-c3dc00000000', '671b0000-0000-0000-0000-010400000000');
INSERT INTO post_comments (post_id, user_id, body, created_at) VALUES ('68e4c90d-215d-a4a4-ccce-c3dc00000000', '671b0000-0000-0000-0000-010500000000', 'Nice post!', '2025-10-07 08:07:32.747');
INSERT INTO post_comments (post_id, user_id, body, created_at) VALUES ('68e4c90d-215d-a4a4-ccce-c3dc00000000', '671b0000-0000-0000-0000-010500000000', 'Loved this!', '2025-10-07 08:07:32.747');
INSERT INTO post_comments (post_id, user_id, body, created_at) VALUES ('68e4c90d-215d-a4a4-ccce-c3dc00000000', '671b0000-0000-0000-0000-010600000000', 'Absolutely agree!', '2025-10-07 08:07:32.747');
INSERT INTO post_tags (post_id, tag) VALUES ('68e4c90d-215d-a4a4-ccce-c3dc00000000', 'life');
INSERT INTO post_tags (post_id, tag) VALUES ('68e4c90d-215d-a4a4-ccce-c3dc00000000', 'update');
INSERT INTO post_tags (post_id, tag) VALUES ('68e4c90d-215d-a4a4-ccce-c3dc00000000', 'daily');
INSERT INTO posts (post_id, user_id, body, created_at) VALUES ('68e4c90d-215d-a4a4-ccce-c3dd00000000', '671b0000-0000-0000-0000-010700000000', 'Post #146: Working on a new research paper about dataset bias in AI training.', '2025-10-07 08:02:21.117');
INSERT INTO post_likes (post_id, user_id) VALUES ('68e4c90d-215d-a4a4-ccce-c3dd00000000', '671b0000-0000-0000-0000-010400000000');
INSERT INTO post_tags (post_id, tag) VALUES ('68e4c90d-215d-a4a4-ccce-c3dd00000000', 'life');
INSERT INTO post_tags (post_id, tag) VALUES ('68e4c90d-215d-a4a4-ccce-c3dd00000000', 'update');
INSERT INTO post_tags (post_id, tag) VALUES ('68e4c90d-215d-a4a4-ccce-c3dd00000000', 'daily');
INSERT INTO posts (post_id, user_id, body, created_at) VALUES ('68e4c90d-215d-a4a4-ccce-c3de00000000', '671b0000-0000-0000-0000-010700000000', 'Post #147: Working on a new research paper about dataset bias in AI training.', '2025-10-07 08:02:21.120');
INSERT INTO post_likes (post_id, user_id) VALUES ('68e4c90d-215d-a4a4-ccce-c3de00000000', '671b0000-0000-0000-0000-010600000000');
INSERT INTO post_likes (post_id, user_id) VALUES ('68e4c90d-215d-a4a4-ccce-c3de00000000', '671b0000-0000-0000-0000-010200000000');
INSERT INTO post_likes (post_id, user_id) VALUES ('68e4c90d-215d-a4a4-ccce-c3de00000000', '671b0000-0000-0000-0000-010100000000');
INSERT INTO post_tags (post_id, tag) VALUES ('68e4c90d-215d-a4a4-ccce-c3de00000000', 'life');
INSERT INTO post_tags (post_id, tag) VALUES ('68e4c90d-215d-a4a4-ccce-c3de00000000', 'update');
INSERT INTO post_tags (post_id, tag) VALUES ('68e4c90d-215d-a4a4-ccce-c3de00000000', 'daily');
INSERT INTO posts (post_id, user_id, body, created_at) VALUES ('68e4c90d-215d-a4a4-ccce-c3df00000000', '671b0000-0000-0000-0000-010800000000', 'Post #148: Shared a new guide on setting up CI/CD pipelines using AWS Lambda.', '2025-10-07 08:02:21.121');
INSERT INTO post_likes (post_id, user_id) VALUES ('68e4c90d-215d-a4a4-ccce-c3df00000000', '671b0000-0000-0000-0000-010700000000');
INSERT INTO post_tags (post_id, tag) VALUES ('68e4c90d-215d-a4a4-ccce-c3df00000000', 'life');
INSERT INTO post_tags (post_id, tag) VALUES ('68e4c90d-215d-a4a4-ccce-c3df00000000', 'update');
INSERT INTO post_tags (post_id, tag) VALUES ('68e4c90d-215d-a4a4-ccce-c3df00000000', 'daily');
INSERT INTO posts (post_id, user_id, body, created_at) VALUES ('68e4c90d-215d-a4a4-ccce-c3e000000000', '671b0000-0000-0000-0000-010500000000', 'Post #149: A quick update from me.', '2025-10-07 08:02:21.122');
INSERT INTO post_likes (post_id, user_id) VALUES ('68e4c90d-215d-a4a4-ccce-c3e000000000', '671b0000-0000-0000-0000-010100000000');
INSERT INTO post_likes (post_id, user_id) VALUES ('68e4c90d-215d-a4a4-ccce-c3e000000000', '671b0000-0000-0000-0000-010500000000');
INSERT INTO post_likes (post_id, user_id) VALUES ('68e4c90d-215d-a4a4-ccce-c3e000000000', '671b0000-0000-0000-0000-010200000000');
INSERT INTO post_comments (post_id, user_id, body, created_at) VALUES ('68e4c90d-215d-a4a4-ccce-c3e000000000', '671b0000-0000-0000-0000-010500000000', 'Can you explain more?', '2025-10-07 08:07:32.757');
INSERT INTO post_comments (post_id, user_id, body, created_at) VALUES ('68e4c90d-215d-a4a4-ccce-c3e000000000', '671b0000-0000-0000-0000-010800000000', 'Loved this!', '2025-10-07 08:07:32.757');
INSERT INTO post_comments (post_id, user_id, body, created_at) VALUES ('68e4c90d-215d-a4a4-ccce-c3e000000000', '671b0000-0000-0000-0000-010200000000', 'Thanks for sharing.', '2025-10-07 08:07:32.757');
INSERT INTO post_tags (post_id, tag) VALUES ('68e4c90d-215d-a4a4-ccce-c3e000000000', 'life');
INSERT INTO post_tags (post_id, tag) VALUES ('68e4c90d-215d-a4a4-ccce-c3e000000000', 'update');
INSERT INTO post_tags (post_id, tag) VALUES ('68e4c90d-215d-a4a4-ccce-c3e000000000', 'daily');
INSERT INTO posts (post_id, user_id, body, created_at) VALUES ('68e4c90d-215d-a4a4-ccce-c3e100000000', '671b0000-0000-0000-0000-010500000000', 'Post #150: Reflecting on daily life.', '2025-10-07 08:02:21.124');
INSERT INTO post_comments (post_id, user_id, body, created_at) VALUES ('68e4c90d-215d-a4a4-ccce-c3e100000000', '671b0000-0000-0000-0000-010600000000', 'Great content!', '2025-10-07 08:07:32.758');
INSERT INTO post_comments (post_id, user_id, body, created_at) VALUES ('68e4c90d-215d-a4a4-ccce-c3e100000000', '671b0000-0000-0000-0000-010800000000', 'Absolutely agree!', '2025-10-07 08:07:32.758');
INSERT INTO post_tags (post_id, tag) VALUES ('68e4c90d-215d-a4a4-ccce-c3e100000000', 'life');
INSERT INTO post_tags (post_id, tag) VALUES ('68e4c90d-215d-a4a4-ccce-c3e100000000', 'update');
INSERT INTO post_tags (post_id, tag) VALUES ('68e4c90d-215d-a4a4-ccce-c3e100000000', 'daily');